; z80dasm 1.2.0
; command line: z80dasm -a -l -g 0xc000 -t /Users/craigs/gratze/emulator/z80/microbee/starnet/64kbcpm.slv

	org 0c000h

lc000h:
	jp 0c082h		;c000	c3 82 c0	. . .
	jp 0c082h		;c003	c3 82 c0	. . .
lc006h:
	ld b,e			;c006	43		C
	ld c,a			;c007	4f		O
	ld c,l			;c008	4d		M
lc009h:
	nop			;c009	00		.
	inc h			;c00a	24		$
	inc h			;c00b	24		$
	inc h			;c00c	24		$
	jr nz,lc02fh		;c00d	20 20		   
	jr nz,lc031h		;c00f	20 20		   
	jr nz,lc066h		;c011	20 53		  S
	ld d,l			;c013	55		U
	ld b,d			;c014	42		B
	nop			;c015	00		.
	nop			;c016	00		.
lc017h:
	nop			;c017	00		.
lc018h:
	nop			;c018	00		.
	nop			;c019	00		.
	nop			;c01a	00		.
	nop			;c01b	00		.
	nop			;c01c	00		.
	nop			;c01d	00		.
	nop			;c01e	00		.
	nop			;c01f	00		.
	nop			;c020	00		.
	nop			;c021	00		.
	nop			;c022	00		.
	nop			;c023	00		.
	nop			;c024	00		.
	nop			;c025	00		.
	nop			;c026	00		.
	nop			;c027	00		.
	nop			;c028	00		.
lc029h:
	nop			;c029	00		.
lc02ah:
	nop			;c02a	00		.
lc02bh:
	nop			;c02b	00		.
	nop			;c02c	00		.
	nop			;c02d	00		.
	nop			;c02e	00		.
lc02fh:
	nop			;c02f	00		.
	nop			;c030	00		.
lc031h:
	nop			;c031	00		.
	nop			;c032	00		.
lc033h:
	nop			;c033	00		.
	nop			;c034	00		.
lc035h:
	nop			;c035	00		.
	nop			;c036	00		.
	nop			;c037	00		.
	nop			;c038	00		.
	nop			;c039	00		.
lc03ah:
	nop			;c03a	00		.
	nop			;c03b	00		.
	nop			;c03c	00		.
	nop			;c03d	00		.
	nop			;c03e	00		.
	nop			;c03f	00		.
	nop			;c040	00		.
	nop			;c041	00		.
	nop			;c042	00		.
	nop			;c043	00		.
	nop			;c044	00		.
	nop			;c045	00		.
	nop			;c046	00		.
	nop			;c047	00		.
	nop			;c048	00		.
	nop			;c049	00		.
lc04ah:
	nop			;c04a	00		.
lc04bh:
	ld d,044h		;c04b	16 44		. D
	ld c,c			;c04d	49		I
	ld d,d			;c04e	52		R
	jr nz,$-116		;c04f	20 8a		  .
	call nz,0494ch		;c051	c4 4c 49	. L I
	ld d,e			;c054	53		S
	ld d,h			;c055	54		T
	adc a,l			;c056	8d		.
	push bc			;c057	c5		.
	ld d,h			;c058	54		T
	ld e,c			;c059	59		Y
	ld d,b			;c05a	50		P
	ld b,l			;c05b	45		E
	sub c			;c05c	91		.
	push bc			;c05d	c5		.
	ld b,a			;c05e	47		G
	ld c,a			;c05f	4f		O
	jr nz,$+34		;c060	20 20		   
	adc a,0c6h		;c062	ce c6		. .
	ld b,l			;c064	45		E
	ld d,d			;c065	52		R
lc066h:
	ld b,c			;c066	41		A
	jr nz,lc089h		;c067	20 20		   
	push bc			;c069	c5		.
	ld d,e			;c06a	53		S
	ld b,c			;c06b	41		A
	ld d,(hl)		;c06c	56		V
	ld b,l			;c06d	45		E
	inc bc			;c06e	03		.
	add a,052h		;c06f	c6 52		. R
	ld b,l			;c071	45		E
	ld c,(hl)		;c072	4e		N
	jr nz,$-120		;c073	20 86		  .
	add a,047h		;c075	c6 47		. G
	ld b,l			;c077	45		E
	ld d,h			;c078	54		T
	jr nz,lc0f6h		;c079	20 7b		  {
	rst 0			;c07b	c7		.
	ld c,d			;c07c	4a		J
	ld d,l			;c07d	55		U
	ld c,l			;c07e	4d		M
	ld d,b			;c07f	50		P
	ret			;c080	c9		.
	add a,031h		;c081	c6 31		. 1
	add a,d			;c083	82		.
	sub 0c5h		;c084	d6 c5		. .
	ld a,c			;c086	79		y
	rra			;c087	1f		.
	rra			;c088	1f		.
lc089h:
	rra			;c089	1f		.
	rra			;c08a	1f		.
	and 00fh		;c08b	e6 0f		. .
	ld (0c39dh),a		;c08d	32 9d c3	2 . .
	call sub_c21eh		;c090	cd 1e c2	. . .
	call sub_c1e6h		;c093	cd e6 c1	. . .
	ld a,0ffh		;c096	3e ff		> .
	ld (0c0afh),a		;c098	32 af c0	2 . .
	pop bc			;c09b	c1		.
	ld a,c			;c09c	79		y
	and 00fh		;c09d	e6 0f		. .
	ld (sub_c397h+1),a	;c09f	32 98 c3	2 . .
	call nz,sub_c1ebh	;c0a2	c4 eb c1	. . .
	call sub_c223h		;c0a5	cd 23 c2	. # .
	call sub_c1dfh		;c0a8	cd df c1	. . .
	ld de,lc009h		;c0ab	11 09 c0	. . .
	ld a,000h		;c0ae	3e 00		> .
	or a			;c0b0	b7		.
	call nz,sub_c205h	;c0b1	c4 05 c2	. . .
	ld (0c0afh),a		;c0b4	32 af c0	2 . .
lc0b7h:
	ld hl,(ld682h)		;c0b7	2a 82 d6	* . .
	ld a,(hl)		;c0ba	7e		~
	cp 003h			;c0bb	fe 03		. .
	jr z,lc0c2h		;c0bd	28 03		( .
	or a			;c0bf	b7		.
	jr nz,lc0fdh		;c0c0	20 3b		  ;
lc0c2h:
	ld sp,ld682h		;c0c2	31 82 d6	1 . .
	call sub_c16eh		;c0c5	cd 6e c1	. n .
	ld a,(sub_c397h+1)	;c0c8	3a 98 c3	: . .
	add a,041h		;c0cb	c6 41		. A
	call sub_c17fh		;c0cd	cd 7f c1	. . .
	ld a,(0c39dh)		;c0d0	3a 9d c3	: . .
	or a			;c0d3	b7		.
	jr z,lc0e8h		;c0d4	28 12		( .
	cp 00ah			;c0d6	fe 0a		. .
	jr c,lc0e3h		;c0d8	38 09		8 .
	sub 00ah		;c0da	d6 0a		. .
	push af			;c0dc	f5		.
	ld a,031h		;c0dd	3e 31		> 1
	call sub_c17fh		;c0df	cd 7f c1	. . .
	pop af			;c0e2	f1		.
lc0e3h:
	add a,030h		;c0e3	c6 30		. 0
	call sub_c17fh		;c0e5	cd 7f c1	. . .
lc0e8h:
	ld hl,ld686h		;c0e8	21 86 d6	! . .
	ld (ld682h),hl		;c0eb	22 82 d6	" . .
	ld (hl),000h		;c0ee	36 00		6 .
	push hl			;c0f0	e5		.
	call sub_c23fh		;c0f1	cd 3f c2	. ? .
	pop hl			;c0f4	e1		.
	ld a,(hl)		;c0f5	7e		~
lc0f6h:
	cp 03bh			;c0f6	fe 3b		. ;
	jr z,lc0c2h		;c0f8	28 c8		( .
	or a			;c0fa	b7		.
	jr z,lc0c2h		;c0fb	28 c5		( .
lc0fdh:
	ld sp,ld682h		;c0fd	31 82 d6	1 . .
	ld a,(hl)		;c100	7e		~
	cp 03bh			;c101	fe 3b		. ;
	jr nz,lc109h		;c103	20 04		  .
	inc hl			;c105	23		#
	ld (ld682h),hl		;c106	22 82 d6	" . .
lc109h:
	ld (0c73ch),hl		;c109	22 3c c7	" < .
lc10ch:
	ld a,(hl)		;c10c	7e		~
	call sub_c234h		;c10d	cd 34 c2	. 4 .
	ld (hl),a		;c110	77		w
	inc hl			;c111	23		#
	or a			;c112	b7		.
	jr nz,lc10ch		;c113	20 f7		  .
	call sub_c3aah		;c115	cd aa c3	. . .
	ld de,(ld682h)		;c118	ed 5b 82 d6	. [ . .
	ld (0c73ch),de		;c11c	ed 53 3c c7	. S < .
	jr nz,lc145h		;c120	20 23		  #
	ld de,lc137h		;c122	11 37 c1	. 7 .
	push de			;c125	d5		.
	ld a,000h		;c126	3e 00		> .
	or a			;c128	b7		.
	jp nz,lc6d3h		;c129	c2 d3 c6	. . .
	call sub_c464h		;c12c	cd 64 c4	. d .
	jp nz,lc6d3h		;c12f	c2 d3 c6	. . .
	ld a,(hl)		;c132	7e		~
	inc hl			;c133	23		#
	ld h,(hl)		;c134	66		f
	ld l,a			;c135	6f		o
	jp (hl)			;c136	e9		.
lc137h:
	call sub_c397h		;c137	cd 97 c3	. . .
lc13ah:
	call sub_c3aah		;c13a	cd aa c3	. . .
	ld a,(lc02bh)		;c13d	3a 2b c0	: + .
	cp 020h			;c140	fe 20		.  
	jp z,lc0b7h		;c142	ca b7 c0	. . .
lc145h:
	call sub_c16eh		;c145	cd 6e c1	. n .
	ld hl,00000h		;c148	21 00 00	! . .
lc14bh:
	ld a,(hl)		;c14b	7e		~
	cp 021h			;c14c	fe 21		. !
	jr c,lc156h		;c14e	38 06		8 .
	call sub_c17fh		;c150	cd 7f c1	. . .
	inc hl			;c153	23		#
	jr lc14bh		;c154	18 f5		. .
lc156h:
	call sub_c1c7h		;c156	cd c7 c1	. . .
	cp a			;c159	bf		.
lc15ah:
	call sub_c397h		;c15a	cd 97 c3	. . .
	call sub_c20dh		;c15d	cd 0d c2	. . .
	jp lc0c2h		;c160	c3 c2 c0	. . .
sub_c163h:
	call sub_c1c4h		;c163	cd c4 c1	. . .
	ld c,(hl)		;c166	4e		N
	ld l,a			;c167	6f		o
	jr nz,lc1b0h		;c168	20 46		  F
	ld l,c			;c16a	69		i
	ld l,h			;c16b	6c		l
	push hl			;c16c	e5		.
	ret			;c16d	c9		.
sub_c16eh:
	ld a,00dh		;c16e	3e 0d		> .
	call sub_c17fh		;c170	cd 7f c1	. . .
	ld a,00ah		;c173	3e 0a		> .
	jr sub_c17fh		;c175	18 08		. .
sub_c177h:
	ld c,001h		;c177	0e 01		. .
	call 00005h		;c179	cd 05 00	. . .
	jp sub_c234h		;c17c	c3 34 c2	. 4 .
sub_c17fh:
	exx			;c17f	d9		.
	ld c,002h		;c180	0e 02		. .
lc182h:
	ld e,a			;c182	5f		_
	call 00005h		;c183	cd 05 00	. . .
	exx			;c186	d9		.
	ret			;c187	c9		.
sub_c188h:
	push af			;c188	f5		.
	ld a,000h		;c189	3e 00		> .
	or a			;c18b	b7		.
	jr z,lc194h		;c18c	28 06		( .
	pop af			;c18e	f1		.
	exx			;c18f	d9		.
	ld c,005h		;c190	0e 05		. .
	jr lc182h		;c192	18 ee		. .
lc194h:
	pop af			;c194	f1		.
	push af			;c195	f5		.
	call sub_c17fh		;c196	cd 7f c1	. . .
	pop af			;c199	f1		.
	cp 00ah			;c19a	fe 0a		. .
	ret nz			;c19c	c0		.
	push hl			;c19d	e5		.
	ld hl,lc04bh		;c19e	21 4b c0	! K .
	dec (hl)		;c1a1	35		5
	jr nz,lc1b6h		;c1a2	20 12		  .
	ld (hl),016h		;c1a4	36 16		6 .
	ld a,000h		;c1a6	3e 00		> .
	cp 050h			;c1a8	fe 50		. P
	jr z,lc1b6h		;c1aa	28 0a		( .
	push bc			;c1ac	c5		.
	call sub_d609h		;c1ad	cd 09 d6	. . .
lc1b0h:
	pop bc			;c1b0	c1		.
	cp 003h			;c1b1	fe 03		. .
	jp z,lc137h		;c1b3	ca 37 c1	. 7 .
lc1b6h:
	pop hl			;c1b6	e1		.
	ret			;c1b7	c9		.
sub_c1b8h:
	ld de,lc02ah		;c1b8	11 2a c0	. * .
sub_c1bbh:
	ld c,014h		;c1bb	0e 14		. .
sub_c1bdh:
	push bc			;c1bd	c5		.
	call 00005h		;c1be	cd 05 00	. . .
	pop bc			;c1c1	c1		.
	or a			;c1c2	b7		.
	ret			;c1c3	c9		.
sub_c1c4h:
	call sub_c16eh		;c1c4	cd 6e c1	. n .
sub_c1c7h:
	ex (sp),hl		;c1c7	e3		.
	call sub_c1cdh		;c1c8	cd cd c1	. . .
	ex (sp),hl		;c1cb	e3		.
	ret			;c1cc	c9		.
sub_c1cdh:
	ld a,(hl)		;c1cd	7e		~
	inc hl			;c1ce	23		#
	or a			;c1cf	b7		.
	ret z			;c1d0	c8		.
	push af			;c1d1	f5		.
	and 07fh		;c1d2	e6 7f		. .
	call sub_c17fh		;c1d4	cd 7f c1	. . .
	pop af			;c1d7	f1		.
	ret m			;c1d8	f8		.
	jr sub_c1cdh		;c1d9	18 f2		. .
	ld c,019h		;c1db	0e 19		. .
	jr lc1e8h		;c1dd	18 09		. .
sub_c1dfh:
	ld de,00080h		;c1df	11 80 00	. . .
sub_c1e2h:
	ld c,01ah		;c1e2	0e 1a		. .
	jr lc1e8h		;c1e4	18 02		. .
sub_c1e6h:
	ld c,00dh		;c1e6	0e 0d		. .
lc1e8h:
	jp 00005h		;c1e8	c3 05 00	. . .
sub_c1ebh:
	ld e,a			;c1eb	5f		_
	ld c,00eh		;c1ec	0e 0e		. .
	jr lc1e8h		;c1ee	18 f8		. .
sub_c1f0h:
	xor a			;c1f0	af		.
	ld (lc04ah),a		;c1f1	32 4a c0	2 J .
	ld de,lc02ah		;c1f4	11 2a c0	. * .
sub_c1f7h:
	ld c,00fh		;c1f7	0e 0f		. .
lc1f9h:
	call 00005h		;c1f9	cd 05 00	. . .
	inc a			;c1fc	3c		<
	ret			;c1fd	c9		.
sub_c1feh:
	ld c,010h		;c1fe	0e 10		. .
	jr lc1f9h		;c200	18 f7		. .
sub_c202h:
	ld de,lc02ah		;c202	11 2a c0	. * .
sub_c205h:
	ld c,011h		;c205	0e 11		. .
	jr lc1f9h		;c207	18 f0		. .
sub_c209h:
	ld c,012h		;c209	0e 12		. .
	jr lc1f9h		;c20b	18 ec		. .
sub_c20dh:
	ld hl,0c0afh		;c20d	21 af c0	! . .
	ld a,(hl)		;c210	7e		~
	or a			;c211	b7		.
	ret z			;c212	c8		.
	ld (hl),000h		;c213	36 00		6 .
	ld de,lc009h		;c215	11 09 c0	. . .
sub_c218h:
	ld c,013h		;c218	0e 13		. .
	jr lc1e8h		;c21a	18 cc		. .
sub_c21ch:
	ld a,0ffh		;c21c	3e ff		> .
sub_c21eh:
	ld e,a			;c21e	5f		_
	ld c,020h		;c21f	0e 20		.  
	jr lc1e8h		;c221	18 c5		. .
sub_c223h:
	call sub_c21ch		;c223	cd 1c c2	. . .
	and 00fh		;c226	e6 0f		. .
	add a,a			;c228	87		.
	add a,a			;c229	87		.
	add a,a			;c22a	87		.
	add a,a			;c22b	87		.
	ld hl,sub_c397h+1	;c22c	21 98 c3	! . .
	or (hl)			;c22f	b6		.
	ld (00004h),a		;c230	32 04 00	2 . .
	ret			;c233	c9		.
sub_c234h:
	and 07fh		;c234	e6 7f		. .
	cp 061h			;c236	fe 61		. a
	ret c			;c238	d8		.
	cp 07bh			;c239	fe 7b		. {
	ret nc			;c23b	d0		.
	and 05fh		;c23c	e6 5f		. _
	ret			;c23e	c9		.
sub_c23fh:
	ld a,(0c0afh)		;c23f	3a af c0	: . .
	or a			;c242	b7		.
	jr z,lc28ah		;c243	28 45		( E
	ld de,lc009h		;c245	11 09 c0	. . .
	push de			;c248	d5		.
	call sub_c1f7h		;c249	cd f7 c1	. . .
	pop de			;c24c	d1		.
	jr z,lc28ah		;c24d	28 3b		( ;
	ld a,(lc018h)		;c24f	3a 18 c0	: . .
	dec a			;c252	3d		=
	ld (lc029h),a		;c253	32 29 c0	2 ) .
	call sub_c1bbh		;c256	cd bb c1	. . .
	jr nz,lc28ah		;c259	20 2f		  /
	ld de,ld685h		;c25b	11 85 d6	. . .
	ld hl,00080h		;c25e	21 80 00	! . .
	ld bc,00080h		;c261	01 80 00	. . .
	ldir			;c264	ed b0		. .
	ld hl,lc017h		;c266	21 17 c0	! . .
	ld (hl),000h		;c269	36 00		6 .
	inc hl			;c26b	23		#
	dec (hl)		;c26c	35		5
	ld de,lc009h		;c26d	11 09 c0	. . .
	call sub_c1feh		;c270	cd fe c1	. . .
	jr z,lc28ah		;c273	28 15		( .
	ld a,024h		;c275	3e 24		> $
	call sub_c17fh		;c277	cd 7f c1	. . .
	ld hl,ld686h		;c27a	21 86 d6	! . .
	call sub_c1cdh		;c27d	cd cd c1	. . .
	call sub_c2a5h		;c280	cd a5 c2	. . .
	ret nz			;c283	c0		.
	call sub_c20dh		;c284	cd 0d c2	. . .
	jp lc0c2h		;c287	c3 c2 c0	. . .
lc28ah:
	call sub_c20dh		;c28a	cd 0d c2	. . .
	ld a,03eh		;c28d	3e 3e		> >
	call sub_c17fh		;c28f	cd 7f c1	. . .
	ld c,00ah		;c292	0e 0a		. .
	ld de,0d684h		;c294	11 84 d6	. . .
	call 00005h		;c297	cd 05 00	. . .
	ld hl,ld685h		;c29a	21 85 d6	! . .
	ld a,(hl)		;c29d	7e		~
	inc hl			;c29e	23		#
	call sub_c2ebh		;c29f	cd eb c2	. . .
	ld (hl),000h		;c2a2	36 00		6 .
	ret			;c2a4	c9		.
sub_c2a5h:
	exx			;c2a5	d9		.
	call sub_d606h		;c2a6	cd 06 d6	. . .
	or a			;c2a9	b7		.
	call nz,sub_d609h	;c2aa	c4 09 d6	. . .
	cp 013h			;c2ad	fe 13		. .
	call z,sub_d609h	;c2af	cc 09 d6	. . .
	exx			;c2b2	d9		.
	cp 003h			;c2b3	fe 03		. .
	ret			;c2b5	c9		.
sub_c2b6h:
	ld a,(de)		;c2b6	1a		.
	or a			;c2b7	b7		.
	ret z			;c2b8	c8		.
	cp 021h			;c2b9	fe 21		. !
	jr c,lc2d8h		;c2bb	38 1b		8 .
	cp 03dh			;c2bd	fe 3d		. =
	ret z			;c2bf	c8		.
	cp 05fh			;c2c0	fe 5f		. _
	ret z			;c2c2	c8		.
lc2c3h:
	cp 02eh			;c2c3	fe 2e		. .
	ret z			;c2c5	c8		.
	cp 03ah			;c2c6	fe 3a		. :
	ret z			;c2c8	c8		.
	cp 02ch			;c2c9	fe 2c		. ,
	ret z			;c2cb	c8		.
	cp 03bh			;c2cc	fe 3b		. ;
	ret z			;c2ce	c8		.
	cp 03ch			;c2cf	fe 3c		. <
	ret z			;c2d1	c8		.
	cp 03eh			;c2d2	fe 3e		. >
	ret z			;c2d4	c8		.
	cp 03bh			;c2d5	fe 3b		. ;
	ret			;c2d7	c9		.
lc2d8h:
	xor a			;c2d8	af		.
	ret			;c2d9	c9		.
sub_c2dah:
	ld de,(ld682h)		;c2da	ed 5b 82 d6	. [ . .
lc2deh:
	ld a,(de)		;c2de	1a		.
	or a			;c2df	b7		.
	ret z			;c2e0	c8		.
	cp 03bh			;c2e1	fe 3b		. ;
	ret z			;c2e3	c8		.
	call sub_c2b6h		;c2e4	cd b6 c2	. . .
	ret nz			;c2e7	c0		.
	inc de			;c2e8	13		.
	jr lc2deh		;c2e9	18 f3		. .
sub_c2ebh:
	add a,l			;c2eb	85		.
	ld l,a			;c2ec	6f		o
	ret nc			;c2ed	d0		.
	inc hl			;c2ee	23		#
	ret			;c2ef	c9		.
sub_c2f0h:
	call sub_c3aah		;c2f0	cd aa c3	. . .
	ld hl,lc035h		;c2f3	21 35 c0	! 5 .
	ld b,00bh		;c2f6	06 0b		. .
lc2f8h:
	ld a,(hl)		;c2f8	7e		~
	dec hl			;c2f9	2b		+
	cp 020h			;c2fa	fe 20		.  
	jr nz,lc302h		;c2fc	20 04		  .
	djnz lc2f8h		;c2fe	10 f8		. .
	jr lc306h		;c300	18 04		. .
lc302h:
	cp 048h			;c302	fe 48		. H
	jr z,lc33bh		;c304	28 35		( 5
lc306h:
	ld hl,lc02bh		;c306	21 2b c0	! + .
sub_c309h:
	ld bc,01100h		;c309	01 00 11	. . .
lc30ch:
	ld a,(hl)		;c30c	7e		~
	cp 020h			;c30d	fe 20		.  
	jr z,lc333h		;c30f	28 22		( "
	cp 03ah			;c311	fe 3a		. :
	jr z,lc333h		;c313	28 1e		( .
	inc hl			;c315	23		#
	sub 030h		;c316	d6 30		. 0
	cp 00ah			;c318	fe 0a		. .
	jr nc,lc335h		;c31a	30 19		0 .
	ld d,a			;c31c	57		W
	ld a,c			;c31d	79		y
	rlca			;c31e	07		.
	jr c,lc335h		;c31f	38 14		8 .
	rlca			;c321	07		.
	jr c,lc335h		;c322	38 11		8 .
	rlca			;c324	07		.
	jr c,lc335h		;c325	38 0e		8 .
	add a,c			;c327	81		.
	jr c,lc335h		;c328	38 0b		8 .
	add a,c			;c32a	81		.
	jr c,lc335h		;c32b	38 08		8 .
	add a,d			;c32d	82		.
	jr c,lc335h		;c32e	38 05		8 .
	ld c,a			;c330	4f		O
	djnz lc30ch		;c331	10 d9		. .
lc333h:
	ld a,c			;c333	79		y
	ret			;c334	c9		.
lc335h:
	jp lc145h		;c335	c3 45 c1	. E .
sub_c338h:
	call sub_c3aah		;c338	cd aa c3	. . .
lc33bh:
	ld hl,lc02bh		;c33b	21 2b c0	! + .
	ld de,00000h		;c33e	11 00 00	. . .
	ld b,00bh		;c341	06 0b		. .
lc343h:
	ld a,(hl)		;c343	7e		~
	cp 020h			;c344	fe 20		.  
	jr z,lc375h		;c346	28 2d		( -
	cp 048h			;c348	fe 48		. H
	jr z,lc375h		;c34a	28 29		( )
	sub 030h		;c34c	d6 30		. 0
	jr c,lc335h		;c34e	38 e5		8 .
	cp 00ah			;c350	fe 0a		. .
	jr c,lc35ah		;c352	38 06		8 .
	sub 007h		;c354	d6 07		. .
	cp 010h			;c356	fe 10		. .
	jr nc,lc335h		;c358	30 db		0 .
lc35ah:
	inc hl			;c35a	23		#
	ld c,a			;c35b	4f		O
	ld a,d			;c35c	7a		z
	rlca			;c35d	07		.
	rlca			;c35e	07		.
	rlca			;c35f	07		.
	rlca			;c360	07		.
	and 0f0h		;c361	e6 f0		. .
	ld d,a			;c363	57		W
	ld a,e			;c364	7b		{
	rlca			;c365	07		.
	rlca			;c366	07		.
	rlca			;c367	07		.
	rlca			;c368	07		.
	ld e,a			;c369	5f		_
	and 00fh		;c36a	e6 0f		. .
	or d			;c36c	b2		.
	ld d,a			;c36d	57		W
	ld a,e			;c36e	7b		{
	and 0f0h		;c36f	e6 f0		. .
	or c			;c371	b1		.
	ld e,a			;c372	5f		_
	djnz lc343h		;c373	10 ce		. .
lc375h:
	ex de,hl		;c375	eb		.
	ld a,l			;c376	7d		}
	ret			;c377	c9		.
sub_c378h:
	ld hl,00080h		;c378	21 80 00	! . .
	add a,c			;c37b	81		.
	call sub_c2ebh		;c37c	cd eb c2	. . .
	ld a,(hl)		;c37f	7e		~
	ret			;c380	c9		.
sub_c381h:
	xor a			;c381	af		.
	ld (lc02ah),a		;c382	32 2a c0	2 * .
	ld a,000h		;c385	3e 00		> .
	or a			;c387	b7		.
	jr nz,lc38eh		;c388	20 04		  .
	ld a,(sub_c397h+1)	;c38a	3a 98 c3	: . .
	inc a			;c38d	3c		<
lc38eh:
	dec a			;c38e	3d		=
	call sub_c1ebh		;c38f	cd eb c1	. . .
	ld a,000h		;c392	3e 00		> .
	jp sub_c21eh		;c394	c3 1e c2	. . .
sub_c397h:
	ld a,000h		;c397	3e 00		> .
	call sub_c1ebh		;c399	cd eb c1	. . .
	ld a,000h		;c39c	3e 00		> .
	jp sub_c21eh		;c39e	c3 1e c2	. . .
sub_c3a1h:
	call sub_c3aah		;c3a1	cd aa c3	. . .
	push af			;c3a4	f5		.
	call sub_c381h		;c3a5	cd 81 c3	. . .
	pop af			;c3a8	f1		.
	ret			;c3a9	c9		.
sub_c3aah:
	ld hl,lc02ah		;c3aa	21 2a c0	! * .
sub_c3adh:
	xor a			;c3ad	af		.
	ld (0c386h),a		;c3ae	32 86 c3	2 . .
	ld (hl),a		;c3b1	77		w
	ld (0c127h),a		;c3b2	32 27 c1	2 ' .
	ld a,(0c39dh)		;c3b5	3a 9d c3	: . .
	ld (0c393h),a		;c3b8	32 93 c3	2 . .
	call sub_c2dah		;c3bb	cd da c2	. . .
	ld (0c149h),de		;c3be	ed 53 49 c1	. S I .
	ld b,00bh		;c3c2	06 0b		. .
	jr z,lc424h		;c3c4	28 5e		( ^
	push de			;c3c6	d5		.
	call sub_c2b6h		;c3c7	cd b6 c2	. . .
	cp 041h			;c3ca	fe 41		. A
	jr c,lc3d2h		;c3cc	38 04		8 .
	cp 051h			;c3ce	fe 51		. Q
	jr c,lc3dah		;c3d0	38 08		8 .
lc3d2h:
	cp 030h			;c3d2	fe 30		. 0
	jr c,lc3e0h		;c3d4	38 0a		8 .
	cp 03ah			;c3d6	fe 3a		. :
	jr nc,lc3e0h		;c3d8	30 06		0 .
lc3dah:
	inc de			;c3da	13		.
	call sub_c2b6h		;c3db	cd b6 c2	. . .
	jr lc3d2h		;c3de	18 f2		. .
lc3e0h:
	pop de			;c3e0	d1		.
	cp 03ah			;c3e1	fe 3a		. :
	jr nz,lc40eh		;c3e3	20 29		  )
	ld (0c127h),a		;c3e5	32 27 c1	2 ' .
	ld a,(de)		;c3e8	1a		.
	cp 041h			;c3e9	fe 41		. A
	jr c,lc3feh		;c3eb	38 11		8 .
	sub 040h		;c3ed	d6 40		. @
	cp 011h			;c3ef	fe 11		. .
	jp nc,lc145h		;c3f1	d2 45 c1	. E .
	ld (0c386h),a		;c3f4	32 86 c3	2 . .
	ld (hl),a		;c3f7	77		w
	inc de			;c3f8	13		.
	ld a,(de)		;c3f9	1a		.
	cp 03ah			;c3fa	fe 3a		. :
	jr z,lc40dh		;c3fc	28 0f		( .
lc3feh:
	push hl			;c3fe	e5		.
	ex de,hl		;c3ff	eb		.
	call sub_c309h		;c400	cd 09 c3	. . .
	ex de,hl		;c403	eb		.
	pop hl			;c404	e1		.
	cp 010h			;c405	fe 10		. .
	jp nc,lc145h		;c407	d2 45 c1	. E .
	ld (0c393h),a		;c40a	32 93 c3	2 . .
lc40dh:
	inc de			;c40d	13		.
lc40eh:
	xor a			;c40e	af		.
	ld (0c432h),a		;c40f	32 32 c4	2 2 .
	ld b,008h		;c412	06 08		. .
	call sub_c435h		;c414	cd 35 c4	. 5 .
	ld b,003h		;c417	06 03		. .
	ld a,(de)		;c419	1a		.
	cp 02eh			;c41a	fe 2e		. .
	jr nz,lc424h		;c41c	20 06		  .
	inc de			;c41e	13		.
	call sub_c435h		;c41f	cd 35 c4	. 5 .
	jr lc427h		;c422	18 03		. .
lc424h:
	call sub_c456h		;c424	cd 56 c4	. V .
lc427h:
	ld b,004h		;c427	06 04		. .
	xor a			;c429	af		.
	call sub_c458h		;c42a	cd 58 c4	. X .
	ld (ld682h),de		;c42d	ed 53 82 d6	. S . .
	ld a,000h		;c431	3e 00		> .
	or a			;c433	b7		.
	ret			;c434	c9		.
sub_c435h:
	call sub_c2b6h		;c435	cd b6 c2	. . .
	jr z,sub_c456h		;c438	28 1c		( .
	inc hl			;c43a	23		#
	cp 02ah			;c43b	fe 2a		. *
	jr nz,lc446h		;c43d	20 07		  .
	ld (hl),03fh		;c43f	36 3f		6 ?
	call sub_c45dh		;c441	cd 5d c4	. ] .
	jr lc44dh		;c444	18 07		. .
lc446h:
	ld (hl),a		;c446	77		w
	inc de			;c447	13		.
	cp 03fh			;c448	fe 3f		. ?
	call z,sub_c45dh	;c44a	cc 5d c4	. ] .
lc44dh:
	djnz sub_c435h		;c44d	10 e6		. .
lc44fh:
	call sub_c2b6h		;c44f	cd b6 c2	. . .
	ret z			;c452	c8		.
	inc de			;c453	13		.
	jr lc44fh		;c454	18 f9		. .
sub_c456h:
	ld a,020h		;c456	3e 20		>  
sub_c458h:
	inc hl			;c458	23		#
	ld (hl),a		;c459	77		w
	djnz sub_c458h		;c45a	10 fc		. .
	ret			;c45c	c9		.
sub_c45dh:
	push hl			;c45d	e5		.
	ld hl,0c432h		;c45e	21 32 c4	! 2 .
	inc (hl)		;c461	34		4
	pop hl			;c462	e1		.
	ret			;c463	c9		.
sub_c464h:
	ld hl,lc04bh+1		;c464	21 4c c0	! L .
	ld c,009h		;c467	0e 09		. .
	ld a,c			;c469	79		y
	or a			;c46a	b7		.
	jr z,lc488h		;c46b	28 1b		( .
lc46dh:
	ld de,lc02bh		;c46d	11 2b c0	. + .
	ld b,004h		;c470	06 04		. .
lc472h:
	ld a,(de)		;c472	1a		.
	cp (hl)			;c473	be		.
	jr nz,lc480h		;c474	20 0a		  .
	inc de			;c476	13		.
	inc hl			;c477	23		#
	djnz lc472h		;c478	10 f8		. .
	ld a,(de)		;c47a	1a		.
	cp 020h			;c47b	fe 20		.  
	jr nz,lc483h		;c47d	20 04		  .
	ret			;c47f	c9		.
lc480h:
	inc hl			;c480	23		#
	djnz lc480h		;c481	10 fd		. .
lc483h:
	inc hl			;c483	23		#
	inc hl			;c484	23		#
	dec c			;c485	0d		.
	jr nz,lc46dh		;c486	20 e5		  .
lc488h:
	inc c			;c488	0c		.
	ret			;c489	c9		.
	call sub_c3a1h		;c48a	cd a1 c3	. . .
	ld hl,lc02bh		;c48d	21 2b c0	! + .
	ld a,(hl)		;c490	7e		~
	cp 020h			;c491	fe 20		.  
	call z,sub_c518h	;c493	cc 18 c5	. . .
	call sub_c2dah		;c496	cd da c2	. . .
	ld b,080h		;c499	06 80		. .
	jr z,lc4a9h		;c49b	28 0c		( .
	ld b,001h		;c49d	06 01		. .
	cp 041h			;c49f	fe 41		. A
	jr z,lc4a8h		;c4a1	28 05		( .
	cp 053h			;c4a3	fe 53		. S
	jr nz,lc4a9h		;c4a5	20 02		  .
	dec b			;c4a7	05		.
lc4a8h:
	inc de			;c4a8	13		.
lc4a9h:
	ld (ld682h),de		;c4a9	ed 53 82 d6	. S . .
	ld a,b			;c4ad	78		x
	ld (0c516h),a		;c4ae	32 16 c5	2 . .
	ld e,000h		;c4b1	1e 00		. .
	push de			;c4b3	d5		.
	call sub_c202h		;c4b4	cd 02 c2	. . .
	jr nz,lc4bfh		;c4b7	20 06		  .
	call sub_c163h		;c4b9	cd 63 c1	. c .
	xor a			;c4bc	af		.
	pop de			;c4bd	d1		.
	ret			;c4be	c9		.
lc4bfh:
	call sub_c507h		;c4bf	cd 07 c5	. . .
	jr z,lc4e2h		;c4c2	28 1e		( .
	pop de			;c4c4	d1		.
	ld a,e			;c4c5	7b		{
	inc e			;c4c6	1c		.
	push de			;c4c7	d5		.
	and 003h		;c4c8	e6 03		. .
	jr nz,lc4d1h		;c4ca	20 05		  .
	call sub_c16eh		;c4cc	cd 6e c1	. n .
	jr lc4d9h		;c4cf	18 08		. .
lc4d1h:
	call sub_c1c7h		;c4d1	cd c7 c1	. . .
	jr nz,lc4f6h		;c4d4	20 20		   
	ld a,h			;c4d6	7c		|
	jr nz,$-94		;c4d7	20 a0		  .
lc4d9h:
	ld b,001h		;c4d9	06 01		. .
	ld a,b			;c4db	78		x
	call sub_c378h		;c4dc	cd 78 c3	. x .
	call sub_c4f1h		;c4df	cd f1 c4	. . .
lc4e2h:
	call sub_c2a5h		;c4e2	cd a5 c2	. . .
	jr z,lc4ech		;c4e5	28 05		( .
	call sub_c209h		;c4e7	cd 09 c2	. . .
	jr nz,lc4bfh		;c4ea	20 d3		  .
lc4ech:
	pop de			;c4ec	d1		.
	ld a,0ffh		;c4ed	3e ff		> .
	or a			;c4ef	b7		.
	ret			;c4f0	c9		.
sub_c4f1h:
	ld b,008h		;c4f1	06 08		. .
	call sub_c4fdh		;c4f3	cd fd c4	. . .
lc4f6h:
	ld a,02eh		;c4f6	3e 2e		> .
	call sub_c17fh		;c4f8	cd 7f c1	. . .
	ld b,003h		;c4fb	06 03		. .
sub_c4fdh:
	ld a,(hl)		;c4fd	7e		~
	and 07fh		;c4fe	e6 7f		. .
	inc hl			;c500	23		#
	call sub_c17fh		;c501	cd 7f c1	. . .
	djnz sub_c4fdh		;c504	10 f7		. .
	ret			;c506	c9		.
sub_c507h:
	dec a			;c507	3d		=
	rrca			;c508	0f		.
	rrca			;c509	0f		.
	rrca			;c50a	0f		.
	and 060h		;c50b	e6 60		. `
	ld c,a			;c50d	4f		O
	ld a,00ah		;c50e	3e 0a		> .
	call sub_c378h		;c510	cd 78 c3	. x .
	and 080h		;c513	e6 80		. .
	xor 000h		;c515	ee 00		. .
	ret			;c517	c9		.
sub_c518h:
	ld b,00bh		;c518	06 0b		. .
lc51ah:
	ld (hl),03fh		;c51a	36 3f		6 ?
	inc hl			;c51c	23		#
	djnz lc51ah		;c51d	10 fb		. .
	ret			;c51f	c9		.
	call sub_c3a1h		;c520	cd a1 c3	. . .
	call sub_c2dah		;c523	cd da c2	. . .
	ld (0c551h),a		;c526	32 51 c5	2 Q .
	jr z,lc52ch		;c529	28 01		( .
	inc de			;c52b	13		.
lc52ch:
	ex de,hl		;c52c	eb		.
	ld (ld682h),hl		;c52d	22 82 d6	" . .
	ld a,001h		;c530	3e 01		> .
	ld (0c57dh),a		;c532	32 7d c5	2 } .
	call sub_c202h		;c535	cd 02 c2	. . .
	jr nz,lc53dh		;c538	20 03		  .
	jp sub_c163h		;c53a	c3 63 c1	. c .
lc53dh:
	add a,003h		;c53d	c6 03		. .
	rrca			;c53f	0f		.
	rrca			;c540	0f		.
	rrca			;c541	0f		.
	ld l,a			;c542	6f		o
	ld h,000h		;c543	26 00		& .
	ld (hl),000h		;c545	36 00		6 .
	push hl			;c547	e5		.
	inc hl			;c548	23		#
	call sub_c16eh		;c549	cd 6e c1	. n .
	call sub_c4f1h		;c54c	cd f1 c4	. . .
	pop de			;c54f	d1		.
	ld a,000h		;c550	3e 00		> .
	cp 046h			;c552	fe 46		. F
	jr z,lc575h		;c554	28 1f		( .
	push de			;c556	d5		.
	call sub_c1c7h		;c557	cd c7 c1	. . .
	jr nz,lc5a1h		;c55a	20 45		  E
	ld (hl),d		;c55c	72		r
	ld h,c			;c55d	61		a
	ld (hl),e		;c55e	73		s
	ld h,l			;c55f	65		e
	jr nz,lc58ah		;c560	20 28		  (
	ld a,c			;c562	79		y
	cpl			;c563	2f		/
	ld l,(hl)		;c564	6e		n
	add hl,hl		;c565	29		)
	cp a			;c566	bf		.
	call sub_c177h		;c567	cd 77 c1	. w .
	pop de			;c56a	d1		.
	cp 059h			;c56b	fe 59		. Y
	jr z,lc575h		;c56d	28 06		( .
	ld hl,0c57dh		;c56f	21 7d c5	! } .
	inc (hl)		;c572	34		4
	jr lc578h		;c573	18 03		. .
lc575h:
	call sub_c218h		;c575	cd 18 c2	. . .
lc578h:
	call sub_c202h		;c578	cd 02 c2	. . .
	ret z			;c57b	c8		.
	ld b,001h		;c57c	06 01		. .
lc57eh:
	dec b			;c57e	05		.
	jr z,lc53dh		;c57f	28 bc		( .
	push bc			;c581	c5		.
	ld de,lc02ah		;c582	11 2a c0	. * .
	call sub_c209h		;c585	cd 09 c2	. . .
	pop bc			;c588	c1		.
	ret z			;c589	c8		.
lc58ah:
	jr lc57eh		;c58a	18 f2		. .
	ret			;c58c	c9		.
	ld a,0ffh		;c58d	3e ff		> .
	jr lc592h		;c58f	18 01		. .
	xor a			;c591	af		.
lc592h:
	ld (0c18ah),a		;c592	32 8a c1	2 . .
	call sub_c3a1h		;c595	cd a1 c3	. . .
	jp nz,lc145h		;c598	c2 45 c1	. E .
	call sub_c2dah		;c59b	cd da c2	. . .
	ld (0c1a7h),a		;c59e	32 a7 c1	2 . .
lc5a1h:
	jr z,lc5a4h		;c5a1	28 01		( .
	inc de			;c5a3	13		.
lc5a4h:
	ld (ld682h),de		;c5a4	ed 53 82 d6	. S . .
	call sub_c1f0h		;c5a8	cd f0 c1	. . .
	jp z,lc145h		;c5ab	ca 45 c1	. E .
	call sub_c16eh		;c5ae	cd 6e c1	. n .
	ld a,017h		;c5b1	3e 17		> .
	ld (lc04bh),a		;c5b3	32 4b c0	2 K .
	ld bc,00080h		;c5b6	01 80 00	. . .
lc5b9h:
	ld a,c			;c5b9	79		y
	cp 080h			;c5ba	fe 80		. .
	jr c,lc5cch		;c5bc	38 0e		8 .
	push hl			;c5be	e5		.
	push bc			;c5bf	c5		.
	call sub_c1b8h		;c5c0	cd b8 c1	. . .
	pop bc			;c5c3	c1		.
	pop hl			;c5c4	e1		.
	jr nz,lc5feh		;c5c5	20 37		  7
	ld c,000h		;c5c7	0e 00		. .
	ld hl,00080h		;c5c9	21 80 00	! . .
lc5cch:
	ld a,(hl)		;c5cc	7e		~
	and 07fh		;c5cd	e6 7f		. .
	cp 01ah			;c5cf	fe 1a		. .
	ret z			;c5d1	c8		.
	cp 00dh			;c5d2	fe 0d		. .
	jr z,lc5e4h		;c5d4	28 0e		( .
	cp 00ah			;c5d6	fe 0a		. .
	jr z,lc5e4h		;c5d8	28 0a		( .
	cp 009h			;c5da	fe 09		. .
	jr z,lc5ebh		;c5dc	28 0d		( .
	call sub_c188h		;c5de	cd 88 c1	. . .
	inc b			;c5e1	04		.
	jr lc5f6h		;c5e2	18 12		. .
lc5e4h:
	call sub_c188h		;c5e4	cd 88 c1	. . .
	ld b,000h		;c5e7	06 00		. .
	jr lc5f6h		;c5e9	18 0b		. .
lc5ebh:
	ld a,020h		;c5eb	3e 20		>  
	call sub_c188h		;c5ed	cd 88 c1	. . .
	inc b			;c5f0	04		.
	ld a,b			;c5f1	78		x
	and 007h		;c5f2	e6 07		. .
	jr nz,lc5ebh		;c5f4	20 f5		  .
lc5f6h:
	inc c			;c5f6	0c		.
	inc hl			;c5f7	23		#
	call sub_c2a5h		;c5f8	cd a5 c2	. . .
	ret z			;c5fb	c8		.
	jr lc5b9h		;c5fc	18 bb		. .
lc5feh:
	dec a			;c5fe	3d		=
	ret z			;c5ff	c8		.
	jp lc145h		;c600	c3 45 c1	. E .
	call sub_c2f0h		;c603	cd f0 c2	. . .
	ld l,a			;c606	6f		o
	ld h,000h		;c607	26 00		& .
	push hl			;c609	e5		.
	call sub_c655h		;c60a	cd 55 c6	. U .
	ld c,016h		;c60d	0e 16		. .
	call lc1f9h		;c60f	cd f9 c1	. . .
	pop hl			;c612	e1		.
	jr z,lc64fh		;c613	28 3a		( :
	xor a			;c615	af		.
	ld (lc04ah),a		;c616	32 4a c0	2 J .
	call sub_c2dah		;c619	cd da c2	. . .
	inc de			;c61c	13		.
	cp 053h			;c61d	fe 53		. S
	jr z,lc623h		;c61f	28 02		( .
	dec de			;c621	1b		.
	add hl,hl		;c622	29		)
lc623h:
	ld (ld682h),de		;c623	ed 53 82 d6	. S . .
	ld de,00100h		;c627	11 00 01	. . .
lc62ah:
	ld a,h			;c62a	7c		|
	or l			;c62b	b5		.
	jr z,lc646h		;c62c	28 18		( .
	dec hl			;c62e	2b		+
	push hl			;c62f	e5		.
	ld hl,00080h		;c630	21 80 00	! . .
	add hl,de		;c633	19		.
	push hl			;c634	e5		.
	call sub_c1e2h		;c635	cd e2 c1	. . .
	ld de,lc02ah		;c638	11 2a c0	. * .
	ld c,015h		;c63b	0e 15		. .
	call sub_c1bdh		;c63d	cd bd c1	. . .
	pop de			;c640	d1		.
	pop hl			;c641	e1		.
	jr nz,lc64fh		;c642	20 0b		  .
	jr lc62ah		;c644	18 e4		. .
lc646h:
	ld de,lc02ah		;c646	11 2a c0	. * .
	call sub_c1feh		;c649	cd fe c1	. . .
	inc a			;c64c	3c		<
	jr nz,lc652h		;c64d	20 03		  .
lc64fh:
	call sub_c7edh		;c64f	cd ed c7	. . .
lc652h:
	jp sub_c1dfh		;c652	c3 df c1	. . .
sub_c655h:
	call sub_c3a1h		;c655	cd a1 c3	. . .
	jp nz,lc145h		;c658	c2 45 c1	. E .
	call sub_c202h		;c65b	cd 02 c2	. . .
	ld de,lc02ah		;c65e	11 2a c0	. * .
	ret z			;c661	c8		.
	push de			;c662	d5		.
	call sub_c1c4h		;c663	cd c4 c1	. . .
	ld b,l			;c666	45		E
	ld (hl),d		;c667	72		r
	ld h,c			;c668	61		a
	ld (hl),e		;c669	73		s
	ld h,l			;c66a	65		e
	and b			;c66b	a0		.
	ld hl,lc02bh		;c66c	21 2b c0	! + .
	call sub_c4f1h		;c66f	cd f1 c4	. . .
	ld a,03fh		;c672	3e 3f		> ?
	call sub_c17fh		;c674	cd 7f c1	. . .
	call sub_c177h		;c677	cd 77 c1	. w .
	pop de			;c67a	d1		.
	cp 059h			;c67b	fe 59		. Y
	jp nz,lc15ah		;c67d	c2 5a c1	. Z .
	push de			;c680	d5		.
	call sub_c218h		;c681	cd 18 c2	. . .
	pop de			;c684	d1		.
	ret			;c685	c9		.
	call sub_c655h		;c686	cd 55 c6	. U .
	ld a,(0c386h)		;c689	3a 86 c3	: . .
	push af			;c68c	f5		.
	ld hl,lc02ah		;c68d	21 2a c0	! * .
	ld de,lc03ah		;c690	11 3a c0	. : .
	ld bc,00010h		;c693	01 10 00	. . .
	ldir			;c696	ed b0		. .
	call sub_c2dah		;c698	cd da c2	. . .
	jr z,lc6c3h		;c69b	28 26		( &
	ld (ld682h),de		;c69d	ed 53 82 d6	. S . .
	call sub_c3aah		;c6a1	cd aa c3	. . .
	jr nz,lc6c3h		;c6a4	20 1d		  .
	pop af			;c6a6	f1		.
	ld b,a			;c6a7	47		G
	ld hl,0c386h		;c6a8	21 86 c3	! . .
	ld a,(hl)		;c6ab	7e		~
	or a			;c6ac	b7		.
	jr z,lc6b2h		;c6ad	28 03		( .
	cp b			;c6af	b8		.
	jr nz,lc6c3h		;c6b0	20 11		  .
lc6b2h:
	ld (hl),b		;c6b2	70		p
	xor a			;c6b3	af		.
	ld (lc02ah),a		;c6b4	32 2a c0	2 * .
	ld de,lc02ah		;c6b7	11 2a c0	. * .
	ld c,017h		;c6ba	0e 17		. .
	call lc1f9h		;c6bc	cd f9 c1	. . .
	ret nz			;c6bf	c0		.
	call sub_c163h		;c6c0	cd 63 c1	. c .
lc6c3h:
	jp lc145h		;c6c3	c3 45 c1	. E .
	jp lc13ah		;c6c6	c3 3a c1	. : .
	call sub_c338h		;c6c9	cd 38 c3	. 8 .
	jr lc713h		;c6cc	18 45		. E
	ld hl,00100h		;c6ce	21 00 01	! . .
	jr lc713h		;c6d1	18 40		. @
lc6d3h:
	ld a,(lc02bh)		;c6d3	3a 2b c0	: + .
	cp 020h			;c6d6	fe 20		.  
	jr nz,lc6fah		;c6d8	20 20		   
	ld a,(0c127h)		;c6da	3a 27 c1	: ' .
	or a			;c6dd	b7		.
	ret z			;c6de	c8		.
	ld a,(0c393h)		;c6df	3a 93 c3	: . .
	cp 010h			;c6e2	fe 10		. .
	jp nc,lc145h		;c6e4	d2 45 c1	. E .
	ld (0c39dh),a		;c6e7	32 9d c3	2 . .
	call sub_c381h		;c6ea	cd 81 c3	. . .
	ld a,(0c386h)		;c6ed	3a 86 c3	: . .
	or a			;c6f0	b7		.
	jr z,lc6f7h		;c6f1	28 04		( .
	dec a			;c6f3	3d		=
	ld (sub_c397h+1),a	;c6f4	32 98 c3	2 . .
lc6f7h:
	jp sub_c223h		;c6f7	c3 23 c2	. # .
lc6fah:
	ld de,lc033h		;c6fa	11 33 c0	. 3 .
	ld a,(de)		;c6fd	1a		.
	cp 020h			;c6fe	fe 20		.  
	jp nz,lc145h		;c700	c2 45 c1	. E .
	ld hl,lc006h		;c703	21 06 c0	! . .
	ld bc,00003h		;c706	01 03 00	. . .
	ldir			;c709	ed b0		. .
	ld hl,00100h		;c70b	21 00 01	! . .
	push hl			;c70e	e5		.
	call sub_c786h		;c70f	cd 86 c7	. . .
	pop hl			;c712	e1		.
lc713h:
	ld (0c770h),hl		;c713	22 70 c7	" p .
	call sub_c3aah		;c716	cd aa c3	. . .
	ld hl,0c386h		;c719	21 86 c3	! . .
	push hl			;c71c	e5		.
	ld a,(hl)		;c71d	7e		~
	ld (lc02ah),a		;c71e	32 2a c0	2 * .
	ld hl,lc03ah		;c721	21 3a c0	! : .
	call sub_c3adh		;c724	cd ad c3	. . .
	pop hl			;c727	e1		.
	ld a,(hl)		;c728	7e		~
	ld (lc03ah),a		;c729	32 3a c0	2 : .
	xor a			;c72c	af		.
	ld (lc04ah),a		;c72d	32 4a c0	2 J .
	ld de,0005ch		;c730	11 5c 00	. \ .
	ld hl,lc02ah		;c733	21 2a c0	! * .
	ld bc,00021h		;c736	01 21 00	. ! .
	ldir			;c739	ed b0		. .
	ld hl,ld686h		;c73b	21 86 d6	! . .
lc73eh:
	ld a,(hl)		;c73e	7e		~
	or a			;c73f	b7		.
	jr z,lc74dh		;c740	28 0b		( .
	cp 03bh			;c742	fe 3b		. ;
	jr z,lc74dh		;c744	28 07		( .
	cp 020h			;c746	fe 20		.  
	jr z,lc74dh		;c748	28 03		( .
	inc hl			;c74a	23		#
	jr lc73eh		;c74b	18 f1		. .
lc74dh:
	ld b,000h		;c74d	06 00		. .
	ld de,00081h		;c74f	11 81 00	. . .
lc752h:
	ld a,(hl)		;c752	7e		~
	ld (de),a		;c753	12		.
	or a			;c754	b7		.
	jr z,lc762h		;c755	28 0b		( .
	cp 03bh			;c757	fe 3b		. ;
	jr z,lc760h		;c759	28 05		( .
	inc b			;c75b	04		.
	inc hl			;c75c	23		#
	inc de			;c75d	13		.
	jr lc752h		;c75e	18 f2		. .
lc760h:
	xor a			;c760	af		.
	ld (de),a		;c761	12		.
lc762h:
	ld (ld682h),hl		;c762	22 82 d6	" . .
	ld a,b			;c765	78		x
	ld (00080h),a		;c766	32 80 00	2 . .
	call sub_c16eh		;c769	cd 6e c1	. n .
	call sub_c1dfh		;c76c	cd df c1	. . .
	call 00100h		;c76f	cd 00 01	. . .
	call sub_c1dfh		;c772	cd df c1	. . .
	call sub_c397h		;c775	cd 97 c3	. . .
	jp lc0b7h		;c778	c3 b7 c0	. . .
	call sub_c338h		;c77b	cd 38 c3	. 8 .
	push hl			;c77e	e5		.
	call sub_c3aah		;c77f	cd aa c3	. . .
	pop hl			;c782	e1		.
	jp nz,lc145h		;c783	c2 45 c1	. E .
sub_c786h:
	ld (0c7ceh),hl		;c786	22 ce c7	" . .
	call sub_c381h		;c789	cd 81 c3	. . .
	call sub_c202h		;c78c	cd 02 c2	. . .
	ld hl,00040h		;c78f	21 40 00	! @ .
	jr nz,lc7cah		;c792	20 36		  6
lc794h:
	ld a,(hl)		;c794	7e		~
	or a			;c795	b7		.
	jp z,lc145h		;c796	ca 45 c1	. E .
	cp 024h			;c799	fe 24		. $
	jr nz,lc7a1h		;c79b	20 04		  .
	ld a,(sub_c397h+1)	;c79d	3a 98 c3	: . .
	inc a			;c7a0	3c		<
lc7a1h:
	ld (0c386h),a		;c7a1	32 86 c3	2 . .
	ld a,001h		;c7a4	3e 01		> .
	ld (0c516h),a		;c7a6	32 16 c5	2 . .
	inc hl			;c7a9	23		#
	ld a,(hl)		;c7aa	7e		~
	inc hl			;c7ab	23		#
	push hl			;c7ac	e5		.
	and 07fh		;c7ad	e6 7f		. .
	cp 024h			;c7af	fe 24		. $
	jr nz,lc7b6h		;c7b1	20 03		  .
	ld a,(0c39dh)		;c7b3	3a 9d c3	: . .
lc7b6h:
	ld (0c393h),a		;c7b6	32 93 c3	2 . .
	cpl			;c7b9	2f		/
	and 080h		;c7ba	e6 80		. .
	jr nz,lc7c1h		;c7bc	20 03		  .
	ld (0c516h),a		;c7be	32 16 c5	2 . .
lc7c1h:
	call sub_c381h		;c7c1	cd 81 c3	. . .
	call sub_c202h		;c7c4	cd 02 c2	. . .
	pop hl			;c7c7	e1		.
	jr z,lc794h		;c7c8	28 ca		( .
lc7cah:
	call sub_c1f0h		;c7ca	cd f0 c1	. . .
	ld hl,00100h		;c7cd	21 00 01	! . .
lc7d0h:
	ld a,0bfh		;c7d0	3e bf		> .
	cp h			;c7d2	bc		.
	jr c,sub_c7edh		;c7d3	38 18		8 .
	push hl			;c7d5	e5		.
	ex de,hl		;c7d6	eb		.
	call sub_c1e2h		;c7d7	cd e2 c1	. . .
	ld de,lc02ah		;c7da	11 2a c0	. * .
	call sub_c1bbh		;c7dd	cd bb c1	. . .
	pop hl			;c7e0	e1		.
	jr nz,lc7e9h		;c7e1	20 06		  .
	ld de,00080h		;c7e3	11 80 00	. . .
	add hl,de		;c7e6	19		.
	jr lc7d0h		;c7e7	18 e7		. .
lc7e9h:
	dec a			;c7e9	3d		=
	jp z,sub_c397h		;c7ea	ca 97 c3	. . .
sub_c7edh:
	call sub_c1c4h		;c7ed	cd c4 c1	. . .
	ld b,(hl)		;c7f0	46		F
	ld (hl),l		;c7f1	75		u
	ld l,h			;c7f2	6c		l
	call pe,097cdh		;c7f3	ec cd 97	. . .
	jp lc2c3h		;c7f6	c3 c3 c2	. . .
	ret nz			;c7f9	c0		.
	ret nz			;c7fa	c0		.
	call sub_c338h		;c7fb	cd 38 c3	. 8 .
	push hl			;c7fe	e5		.
	call 016f8h		;c7ff	cd f8 16	. . .
	ld bc,02700h		;c802	01 00 27	. . '
	nop			;c805	00		.
lc806h:
	jp lc811h		;c806	c3 11 c8	. . .
lc809h:
	sbc a,c			;c809	99		.
	ret z			;c80a	c8		.
lc80bh:
	and l			;c80b	a5		.
	ret z			;c80c	c8		.
lc80dh:
	xor e			;c80d	ab		.
	ret z			;c80e	c8		.
lc80fh:
	or c			;c80f	b1		.
	ret z			;c810	c8		.
lc811h:
	ex de,hl		;c811	eb		.
	ld (lcb43h),hl		;c812	22 43 cb	" C .
	ex de,hl		;c815	eb		.
	ld a,e			;c816	7b		{
	ld (ld5dah),a		;c817	32 da d5	2 . .
	ld hl,00000h		;c81a	21 00 00	! . .
	ld (lcb45h),hl		;c81d	22 45 cb	" E .
	add hl,sp		;c820	39		9
	ld (lcb0fh),hl		;c821	22 0f cb	" . .
	ld sp,lcb41h		;c824	31 41 cb	1 A .
	xor a			;c827	af		.
	ld (ld5e4h),a		;c828	32 e4 d5	2 . .
	ld (ld5e2h),a		;c82b	32 e2 d5	2 . .
	ld hl,ld578h		;c82e	21 78 d5	! x .
	push hl			;c831	e5		.
	ld a,c			;c832	79		y
	cp 029h			;c833	fe 29		. )
	ret nc			;c835	d0		.
	ld c,e			;c836	4b		K
	ld hl,lc847h		;c837	21 47 c8	! G .
	ld e,a			;c83a	5f		_
	ld d,000h		;c83b	16 00		. .
	add hl,de		;c83d	19		.
	add hl,de		;c83e	19		.
	ld e,(hl)		;c83f	5e		^
	inc hl			;c840	23		#
	ld d,(hl)		;c841	56		V
	ld hl,(lcb43h)		;c842	2a 43 cb	* C .
	ex de,hl		;c845	eb		.
	jp (hl)			;c846	e9		.
lc847h:
	inc bc			;c847	03		.
	sub 0c8h		;c848	d6 c8		. .
	jp z,lc990h		;c84a	ca 90 c9	. . .
	adc a,0cah		;c84d	ce ca		. .
	ld (de),a		;c84f	12		.
	sub 00fh		;c850	d6 0f		. .
	sub 0d4h		;c852	d6 d4		. .
	jp z,lcaedh		;c854	ca ed ca	. . .
	di			;c857	f3		.
	jp z,lcaf8h		;c858	ca f8 ca	. . .
	pop hl			;c85b	e1		.
	ret			;c85c	c9		.
	cp 0cah			;c85d	fe ca		. .
	add a,d			;c85f	82		.
	call nc,sub_d487h	;c860	d4 87 d4	. . .
	ld c,c			;c863	49		I
	call nc,sub_d4a0h	;c864	d4 a0 d4	. . .
	xor c			;c867	a9		.
	call nc,sub_d4afh	;c868	d4 af d4	. . .
	call z,sub_dbd4h	;c86b	cc d4 db	. . .
	call nc,sub_d4e4h	;c86e	d4 e4 d4	. . .
	jp pe,0f0d4h		;c871	ea d4 f0	. . .
	call nc,sub_d4f9h	;c874	d4 f9 d4	. . .
	ld (bc),a		;c877	02		.
	push de			;c878	d5		.
	ex af,af'		;c879	08		.
	push de			;c87a	d5		.
	ld c,0d5h		;c87b	0e d5		. .
	dec d			;c87d	15		.
	push de			;c87e	d5		.
	inc l			;c87f	2c		,
	call sub_d51bh		;c880	cd 1b d5	. . .
	ld hl,02ad5h		;c883	21 d5 2a	! . *
	push de			;c886	d5		.
	ld sp,045d5h		;c887	31 d5 45	1 . E
	push de			;c88a	d5		.
	ld c,e			;c88b	4b		K
	push de			;c88c	d5		.
	ld d,c			;c88d	51		Q
	push de			;c88e	d5		.
	ld (de),a		;c88f	12		.
	call nc,sub_d557h	;c890	d4 57 d5	. W .
	inc b			;c893	04		.
	rlc h			;c894	cb 04		. .
	res 3,a			;c896	cb 9f		. .
	push de			;c898	d5		.
	ld hl,lc8cah		;c899	21 ca c8	! . .
	call sub_c8e5h		;c89c	cd e5 c8	. . .
	cp 003h			;c89f	fe 03		. .
	jp z,00000h		;c8a1	ca 00 00	. . .
	ret			;c8a4	c9		.
	ld hl,lc8d5h		;c8a5	21 d5 c8	! . .
	jp lc8b4h		;c8a8	c3 b4 c8	. . .
	ld hl,0c8e1h		;c8ab	21 e1 c8	! . .
	jp lc8b4h		;c8ae	c3 b4 c8	. . .
	ld hl,lc8dch		;c8b1	21 dc c8	! . .
lc8b4h:
	call sub_c8e5h		;c8b4	cd e5 c8	. . .
	jp 00000h		;c8b7	c3 00 00	. . .
lc8bah:
	ld b,e			;c8ba	43		C
	ld d,b			;c8bb	50		P
	cpl			;c8bc	2f		/
	ld c,l			;c8bd	4d		M
	jr nz,$+71		;c8be	20 45		  E
	ld (hl),d		;c8c0	72		r
	ld (hl),d		;c8c1	72		r
	jr nz,lc913h		;c8c2	20 4f		  O
	ld l,(hl)		;c8c4	6e		n
	jr nz,$+34		;c8c5	20 20		   
	ld a,(02420h)		;c8c7	3a 20 24	:   $
lc8cah:
	ld b,d			;c8ca	42		B
	ld h,c			;c8cb	61		a
	ld h,h			;c8cc	64		d
	jr nz,lc922h		;c8cd	20 53		  S
	ld h,l			;c8cf	65		e
	ld h,e			;c8d0	63		c
	ld (hl),h		;c8d1	74		t
	ld l,a			;c8d2	6f		o
	ld (hl),d		;c8d3	72		r
	inc h			;c8d4	24		$
lc8d5h:
	ld d,e			;c8d5	53		S
	ld h,l			;c8d6	65		e
	ld l,h			;c8d7	6c		l
	ld h,l			;c8d8	65		e
	ld h,e			;c8d9	63		c
	ld (hl),h		;c8da	74		t
	inc h			;c8db	24		$
lc8dch:
	ld b,(hl)		;c8dc	46		F
	ld l,c			;c8dd	69		i
	ld l,h			;c8de	6c		l
	ld h,l			;c8df	65		e
	jr nz,$+84		;c8e0	20 52		  R
	cpl			;c8e2	2f		/
	ld c,a			;c8e3	4f		O
	inc h			;c8e4	24		$
sub_c8e5h:
	push hl			;c8e5	e5		.
	call sub_c9c9h		;c8e6	cd c9 c9	. . .
	ld a,(lcb42h)		;c8e9	3a 42 cb	: B .
	add a,041h		;c8ec	c6 41		. A
	ld (0c8c6h),a		;c8ee	32 c6 c8	2 . .
	ld bc,lc8bah		;c8f1	01 ba c8	. . .
	call sub_c9d3h		;c8f4	cd d3 c9	. . .
	pop bc			;c8f7	c1		.
	call sub_c9d3h		;c8f8	cd d3 c9	. . .
sub_c8fbh:
	ld hl,lcb0eh		;c8fb	21 0e cb	! . .
	ld a,(hl)		;c8fe	7e		~
	ld (hl),000h		;c8ff	36 00		6 .
	or a			;c901	b7		.
	ret nz			;c902	c0		.
	jp sub_d609h		;c903	c3 09 d6	. . .
sub_c906h:
	call sub_c8fbh		;c906	cd fb c8	. . .
	call sub_c914h		;c909	cd 14 c9	. . .
	ret c			;c90c	d8		.
	push af			;c90d	f5		.
	ld c,a			;c90e	4f		O
	call lc990h		;c90f	cd 90 c9	. . .
	pop af			;c912	f1		.
lc913h:
	ret			;c913	c9		.
sub_c914h:
	cp 00dh			;c914	fe 0d		. .
	ret z			;c916	c8		.
	cp 00ah			;c917	fe 0a		. .
	ret z			;c919	c8		.
	cp 009h			;c91a	fe 09		. .
	ret z			;c91c	c8		.
	cp 008h			;c91d	fe 08		. .
	ret z			;c91f	c8		.
	cp 020h			;c920	fe 20		.  
lc922h:
	ret			;c922	c9		.
sub_c923h:
	ld a,(lcb0eh)		;c923	3a 0e cb	: . .
	or a			;c926	b7		.
	jp nz,lc945h		;c927	c2 45 c9	. E .
	call sub_d606h		;c92a	cd 06 d6	. . .
	and 001h		;c92d	e6 01		. .
	ret z			;c92f	c8		.
	call sub_d609h		;c930	cd 09 d6	. . .
	cp 013h			;c933	fe 13		. .
	jp nz,lc942h		;c935	c2 42 c9	. B .
	call sub_d609h		;c938	cd 09 d6	. . .
	cp 003h			;c93b	fe 03		. .
	jp z,00000h		;c93d	ca 00 00	. . .
	xor a			;c940	af		.
	ret			;c941	c9		.
lc942h:
	ld (lcb0eh),a		;c942	32 0e cb	2 . .
lc945h:
	ld a,001h		;c945	3e 01		> .
	ret			;c947	c9		.
sub_c948h:
	ld a,(lcb0ah)		;c948	3a 0a cb	: . .
	or a			;c94b	b7		.
	jp nz,lc962h		;c94c	c2 62 c9	. b .
	push bc			;c94f	c5		.
	call sub_c923h		;c950	cd 23 c9	. # .
	pop bc			;c953	c1		.
	push bc			;c954	c5		.
	call sub_d60ch		;c955	cd 0c d6	. . .
	pop bc			;c958	c1		.
	push bc			;c959	c5		.
	ld a,(lcb0dh)		;c95a	3a 0d cb	: . .
	or a			;c95d	b7		.
	call nz,sub_d60fh	;c95e	c4 0f d6	. . .
	pop bc			;c961	c1		.
lc962h:
	ld a,c			;c962	79		y
	ld hl,lcb0ch		;c963	21 0c cb	! . .
	cp 07fh			;c966	fe 7f		. .
	ret z			;c968	c8		.
	inc (hl)		;c969	34		4
	cp 020h			;c96a	fe 20		.  
	ret nc			;c96c	d0		.
	dec (hl)		;c96d	35		5
	ld a,(hl)		;c96e	7e		~
	or a			;c96f	b7		.
	ret z			;c970	c8		.
	ld a,c			;c971	79		y
	cp 008h			;c972	fe 08		. .
	jp nz,lc979h		;c974	c2 79 c9	. y .
	dec (hl)		;c977	35		5
	ret			;c978	c9		.
lc979h:
	cp 00ah			;c979	fe 0a		. .
	ret nz			;c97b	c0		.
	ld (hl),000h		;c97c	36 00		6 .
	ret			;c97e	c9		.
sub_c97fh:
	ld a,c			;c97f	79		y
	call sub_c914h		;c980	cd 14 c9	. . .
	jp nc,lc990h		;c983	d2 90 c9	. . .
	push af			;c986	f5		.
	ld c,05eh		;c987	0e 5e		. ^
	call sub_c948h		;c989	cd 48 c9	. H .
	pop af			;c98c	f1		.
	or 040h			;c98d	f6 40		. @
	ld c,a			;c98f	4f		O
lc990h:
	ld a,c			;c990	79		y
	cp 009h			;c991	fe 09		. .
	jp nz,sub_c948h		;c993	c2 48 c9	. H .
lc996h:
	ld c,020h		;c996	0e 20		.  
	call sub_c948h		;c998	cd 48 c9	. H .
	ld a,(lcb0ch)		;c99b	3a 0c cb	: . .
	and 007h		;c99e	e6 07		. .
	jp nz,lc996h		;c9a0	c2 96 c9	. . .
	ret			;c9a3	c9		.
sub_c9a4h:
	call sub_c9ach		;c9a4	cd ac c9	. . .
	ld c,020h		;c9a7	0e 20		.  
	call sub_d60ch		;c9a9	cd 0c d6	. . .
sub_c9ach:
	ld c,008h		;c9ac	0e 08		. .
	jp sub_d60ch		;c9ae	c3 0c d6	. . .
sub_c9b1h:
	ld c,023h		;c9b1	0e 23		. #
	call sub_c948h		;c9b3	cd 48 c9	. H .
	call sub_c9c9h		;c9b6	cd c9 c9	. . .
lc9b9h:
	ld a,(lcb0ch)		;c9b9	3a 0c cb	: . .
	ld hl,lcb0bh		;c9bc	21 0b cb	! . .
	cp (hl)			;c9bf	be		.
	ret nc			;c9c0	d0		.
	ld c,020h		;c9c1	0e 20		.  
	call sub_c948h		;c9c3	cd 48 c9	. H .
	jp lc9b9h		;c9c6	c3 b9 c9	. . .
sub_c9c9h:
	ld c,00dh		;c9c9	0e 0d		. .
	call sub_c948h		;c9cb	cd 48 c9	. H .
	ld c,00ah		;c9ce	0e 0a		. .
	jp sub_c948h		;c9d0	c3 48 c9	. H .
sub_c9d3h:
	ld a,(bc)		;c9d3	0a		.
	cp 024h			;c9d4	fe 24		. $
	ret z			;c9d6	c8		.
	inc bc			;c9d7	03		.
	push bc			;c9d8	c5		.
	ld c,a			;c9d9	4f		O
	call lc990h		;c9da	cd 90 c9	. . .
	pop bc			;c9dd	c1		.
	jp sub_c9d3h		;c9de	c3 d3 c9	. . .
lc9e1h:
	ld a,(lcb0ch)		;c9e1	3a 0c cb	: . .
	ld (lcb0bh),a		;c9e4	32 0b cb	2 . .
	ld hl,(lcb43h)		;c9e7	2a 43 cb	* C .
	ld c,(hl)		;c9ea	4e		N
	inc hl			;c9eb	23		#
	push hl			;c9ec	e5		.
	ld b,000h		;c9ed	06 00		. .
lc9efh:
	push bc			;c9ef	c5		.
	push hl			;c9f0	e5		.
lc9f1h:
	call sub_c8fbh		;c9f1	cd fb c8	. . .
	and 07fh		;c9f4	e6 7f		. .
	pop hl			;c9f6	e1		.
	pop bc			;c9f7	c1		.
	cp 00dh			;c9f8	fe 0d		. .
	jp z,lcac1h		;c9fa	ca c1 ca	. . .
	cp 00ah			;c9fd	fe 0a		. .
	jp z,lcac1h		;c9ff	ca c1 ca	. . .
	cp 008h			;ca02	fe 08		. .
	jp nz,lca16h		;ca04	c2 16 ca	. . .
	ld a,b			;ca07	78		x
	or a			;ca08	b7		.
	jp z,lc9efh		;ca09	ca ef c9	. . .
	dec b			;ca0c	05		.
	ld a,(lcb0ch)		;ca0d	3a 0c cb	: . .
	ld (lcb0ah),a		;ca10	32 0a cb	2 . .
	jp lca70h		;ca13	c3 70 ca	. p .
lca16h:
	cp 07fh			;ca16	fe 7f		. .
	jp nz,lca26h		;ca18	c2 26 ca	. & .
	ld a,b			;ca1b	78		x
	or a			;ca1c	b7		.
	jp z,lc9efh		;ca1d	ca ef c9	. . .
	ld a,(hl)		;ca20	7e		~
	dec b			;ca21	05		.
	dec hl			;ca22	2b		+
	jp lcaa9h		;ca23	c3 a9 ca	. . .
lca26h:
	cp 005h			;ca26	fe 05		. .
	jp nz,lca37h		;ca28	c2 37 ca	. 7 .
	push bc			;ca2b	c5		.
	push hl			;ca2c	e5		.
	call sub_c9c9h		;ca2d	cd c9 c9	. . .
	xor a			;ca30	af		.
	ld (lcb0bh),a		;ca31	32 0b cb	2 . .
	jp lc9f1h		;ca34	c3 f1 c9	. . .
lca37h:
	cp 010h			;ca37	fe 10		. .
	jp nz,lca48h		;ca39	c2 48 ca	. H .
	push hl			;ca3c	e5		.
	ld hl,lcb0dh		;ca3d	21 0d cb	! . .
	ld a,001h		;ca40	3e 01		> .
	sub (hl)		;ca42	96		.
	ld (hl),a		;ca43	77		w
	pop hl			;ca44	e1		.
	jp lc9efh		;ca45	c3 ef c9	. . .
lca48h:
	cp 018h			;ca48	fe 18		. .
	jp nz,lca5fh		;ca4a	c2 5f ca	. _ .
	pop hl			;ca4d	e1		.
lca4eh:
	ld a,(lcb0bh)		;ca4e	3a 0b cb	: . .
	ld hl,lcb0ch		;ca51	21 0c cb	! . .
	cp (hl)			;ca54	be		.
	jp nc,lc9e1h		;ca55	d2 e1 c9	. . .
	dec (hl)		;ca58	35		5
	call sub_c9a4h		;ca59	cd a4 c9	. . .
	jp lca4eh		;ca5c	c3 4e ca	. N .
lca5fh:
	cp 015h			;ca5f	fe 15		. .
	jp nz,lca6bh		;ca61	c2 6b ca	. k .
	call sub_c9b1h		;ca64	cd b1 c9	. . .
	pop hl			;ca67	e1		.
	jp lc9e1h		;ca68	c3 e1 c9	. . .
lca6bh:
	cp 012h			;ca6b	fe 12		. .
	jp nz,lcaa6h		;ca6d	c2 a6 ca	. . .
lca70h:
	push bc			;ca70	c5		.
	call sub_c9b1h		;ca71	cd b1 c9	. . .
	pop bc			;ca74	c1		.
	pop hl			;ca75	e1		.
	push hl			;ca76	e5		.
	push bc			;ca77	c5		.
lca78h:
	ld a,b			;ca78	78		x
	or a			;ca79	b7		.
	jp z,lca8ah		;ca7a	ca 8a ca	. . .
	inc hl			;ca7d	23		#
	ld c,(hl)		;ca7e	4e		N
	dec b			;ca7f	05		.
	push bc			;ca80	c5		.
	push hl			;ca81	e5		.
	call sub_c97fh		;ca82	cd 7f c9	. . .
	pop hl			;ca85	e1		.
	pop bc			;ca86	c1		.
	jp lca78h		;ca87	c3 78 ca	. x .
lca8ah:
	push hl			;ca8a	e5		.
	ld a,(lcb0ah)		;ca8b	3a 0a cb	: . .
	or a			;ca8e	b7		.
	jp z,lc9f1h		;ca8f	ca f1 c9	. . .
	ld hl,lcb0ch		;ca92	21 0c cb	! . .
	sub (hl)		;ca95	96		.
	ld (lcb0ah),a		;ca96	32 0a cb	2 . .
lca99h:
	call sub_c9a4h		;ca99	cd a4 c9	. . .
	ld hl,lcb0ah		;ca9c	21 0a cb	! . .
	dec (hl)		;ca9f	35		5
	jp nz,lca99h		;caa0	c2 99 ca	. . .
	jp lc9f1h		;caa3	c3 f1 c9	. . .
lcaa6h:
	inc hl			;caa6	23		#
	ld (hl),a		;caa7	77		w
	inc b			;caa8	04		.
lcaa9h:
	push bc			;caa9	c5		.
	push hl			;caaa	e5		.
	ld c,a			;caab	4f		O
	call sub_c97fh		;caac	cd 7f c9	. . .
	pop hl			;caaf	e1		.
	pop bc			;cab0	c1		.
	ld a,(hl)		;cab1	7e		~
	cp 003h			;cab2	fe 03		. .
	ld a,b			;cab4	78		x
	jp nz,lcabdh		;cab5	c2 bd ca	. . .
	cp 001h			;cab8	fe 01		. .
	jp z,00000h		;caba	ca 00 00	. . .
lcabdh:
	cp c			;cabd	b9		.
	jp c,lc9efh		;cabe	da ef c9	. . .
lcac1h:
	pop hl			;cac1	e1		.
	ld (hl),b		;cac2	70		p
	ld c,00dh		;cac3	0e 0d		. .
	jp sub_c948h		;cac5	c3 48 c9	. H .
	call sub_c906h		;cac8	cd 06 c9	. . .
	jp lcb01h		;cacb	c3 01 cb	. . .
	call sub_d615h		;cace	cd 15 d6	. . .
	jp lcb01h		;cad1	c3 01 cb	. . .
	ld a,c			;cad4	79		y
	inc a			;cad5	3c		<
	jp z,lcae0h		;cad6	ca e0 ca	. . .
	inc a			;cad9	3c		<
	jp z,sub_d606h		;cada	ca 06 d6	. . .
	jp sub_d60ch		;cadd	c3 0c d6	. . .
lcae0h:
	call sub_d606h		;cae0	cd 06 d6	. . .
	or a			;cae3	b7		.
	jp z,ld595h		;cae4	ca 95 d5	. . .
	call sub_d609h		;cae7	cd 09 d6	. . .
	jp lcb01h		;caea	c3 01 cb	. . .
lcaedh:
	ld a,(00003h)		;caed	3a 03 00	: . .
	jp lcb01h		;caf0	c3 01 cb	. . .
	ld hl,00003h		;caf3	21 03 00	! . .
	ld (hl),c		;caf6	71		q
	ret			;caf7	c9		.
lcaf8h:
	ex de,hl		;caf8	eb		.
	ld c,l			;caf9	4d		M
	ld b,h			;cafa	44		D
	jp sub_c9d3h		;cafb	c3 d3 c9	. . .
	call sub_c923h		;cafe	cd 23 c9	. # .
lcb01h:
	ld (lcb45h),a		;cb01	32 45 cb	2 E .
	ret			;cb04	c9		.
sub_cb05h:
	ld a,001h		;cb05	3e 01		> .
	jp lcb01h		;cb07	c3 01 cb	. . .
lcb0ah:
	nop			;cb0a	00		.
lcb0bh:
	nop			;cb0b	00		.
lcb0ch:
	nop			;cb0c	00		.
lcb0dh:
	nop			;cb0d	00		.
lcb0eh:
	nop			;cb0e	00		.
lcb0fh:
	nop			;cb0f	00		.
	nop			;cb10	00		.
	nop			;cb11	00		.
	nop			;cb12	00		.
	nop			;cb13	00		.
	nop			;cb14	00		.
	nop			;cb15	00		.
	nop			;cb16	00		.
	nop			;cb17	00		.
	nop			;cb18	00		.
	nop			;cb19	00		.
	nop			;cb1a	00		.
	nop			;cb1b	00		.
	nop			;cb1c	00		.
	nop			;cb1d	00		.
	nop			;cb1e	00		.
	nop			;cb1f	00		.
	nop			;cb20	00		.
	nop			;cb21	00		.
	nop			;cb22	00		.
	nop			;cb23	00		.
	nop			;cb24	00		.
	nop			;cb25	00		.
	nop			;cb26	00		.
	nop			;cb27	00		.
	nop			;cb28	00		.
	nop			;cb29	00		.
	nop			;cb2a	00		.
	nop			;cb2b	00		.
	nop			;cb2c	00		.
	nop			;cb2d	00		.
	nop			;cb2e	00		.
	nop			;cb2f	00		.
	nop			;cb30	00		.
	nop			;cb31	00		.
	nop			;cb32	00		.
	nop			;cb33	00		.
	nop			;cb34	00		.
	nop			;cb35	00		.
	nop			;cb36	00		.
	nop			;cb37	00		.
	nop			;cb38	00		.
	nop			;cb39	00		.
	nop			;cb3a	00		.
	nop			;cb3b	00		.
	nop			;cb3c	00		.
	nop			;cb3d	00		.
	nop			;cb3e	00		.
	nop			;cb3f	00		.
	nop			;cb40	00		.
lcb41h:
	nop			;cb41	00		.
lcb42h:
	nop			;cb42	00		.
lcb43h:
	nop			;cb43	00		.
	nop			;cb44	00		.
lcb45h:
	nop			;cb45	00		.
	nop			;cb46	00		.
sub_cb47h:
	ld hl,lc80bh		;cb47	21 0b c8	! . .
lcb4ah:
	ld e,(hl)		;cb4a	5e		^
	inc hl			;cb4b	23		#
	ld d,(hl)		;cb4c	56		V
	ex de,hl		;cb4d	eb		.
	jp (hl)			;cb4e	e9		.
sub_cb4fh:
	inc c			;cb4f	0c		.
lcb50h:
	dec c			;cb50	0d		.
	ret z			;cb51	c8		.
	ld a,(de)		;cb52	1a		.
	ld (hl),a		;cb53	77		w
	inc de			;cb54	13		.
	inc hl			;cb55	23		#
	jp lcb50h		;cb56	c3 50 cb	. P .
sub_cb59h:
	ld a,(lcb42h)		;cb59	3a 42 cb	: B .
	ld c,a			;cb5c	4f		O
	call sub_d61bh		;cb5d	cd 1b d6	. . .
	ld a,h			;cb60	7c		|
	or l			;cb61	b5		.
	ret z			;cb62	c8		.
	ld e,(hl)		;cb63	5e		^
	inc hl			;cb64	23		#
	ld d,(hl)		;cb65	56		V
	inc hl			;cb66	23		#
	ld (ld5b7h),hl		;cb67	22 b7 d5	" . .
	inc hl			;cb6a	23		#
	inc hl			;cb6b	23		#
	ld (ld5b9h),hl		;cb6c	22 b9 d5	" . .
	inc hl			;cb6f	23		#
	inc hl			;cb70	23		#
	ld (ld5bbh),hl		;cb71	22 bb d5	" . .
	inc hl			;cb74	23		#
	inc hl			;cb75	23		#
	ex de,hl		;cb76	eb		.
	ld (ld5d4h),hl		;cb77	22 d4 d5	" . .
	ld hl,ld5bdh		;cb7a	21 bd d5	! . .
	ld c,008h		;cb7d	0e 08		. .
	call sub_cb4fh		;cb7f	cd 4f cb	. O .
	ld hl,(ld5bfh)		;cb82	2a bf d5	* . .
	ex de,hl		;cb85	eb		.
	ld hl,ld5c5h		;cb86	21 c5 d5	! . .
	ld c,00fh		;cb89	0e 0f		. .
	call sub_cb4fh		;cb8b	cd 4f cb	. O .
	ld hl,(ld5cah)		;cb8e	2a ca d5	* . .
	ld a,h			;cb91	7c		|
	ld hl,ld5e1h		;cb92	21 e1 d5	! . .
	ld (hl),0ffh		;cb95	36 ff		6 .
	or a			;cb97	b7		.
	jp z,lcb9dh		;cb98	ca 9d cb	. . .
	ld (hl),000h		;cb9b	36 00		6 .
lcb9dh:
	ld a,0ffh		;cb9d	3e ff		> .
	or a			;cb9f	b7		.
	ret			;cba0	c9		.
sub_cba1h:
	call sub_d618h		;cba1	cd 18 d6	. . .
	xor a			;cba4	af		.
	ld hl,(ld5b9h)		;cba5	2a b9 d5	* . .
	ld (hl),a		;cba8	77		w
	inc hl			;cba9	23		#
	ld (hl),a		;cbaa	77		w
	ld hl,(ld5bbh)		;cbab	2a bb d5	* . .
	ld (hl),a		;cbae	77		w
	inc hl			;cbaf	23		#
	ld (hl),a		;cbb0	77		w
	ret			;cbb1	c9		.
sub_cbb2h:
	call sub_d627h		;cbb2	cd 27 d6	. ' .
	jp lcbbbh		;cbb5	c3 bb cb	. . .
sub_cbb8h:
	call sub_d62ah		;cbb8	cd 2a d6	. * .
lcbbbh:
	or a			;cbbb	b7		.
	ret z			;cbbc	c8		.
	ld hl,lc809h		;cbbd	21 09 c8	! . .
	jp lcb4ah		;cbc0	c3 4a cb	. J .
sub_cbc3h:
	ld hl,(ld5eeh)		;cbc3	2a ee d5	* . .
	ld c,002h		;cbc6	0e 02		. .
	call sub_cceah		;cbc8	cd ea cc	. . .
	ld (ld5e9h),hl		;cbcb	22 e9 d5	" . .
	ld (ld5f0h),hl		;cbce	22 f0 d5	" . .
sub_cbd1h:
	ld hl,ld5e9h		;cbd1	21 e9 d5	! . .
	ld c,(hl)		;cbd4	4e		N
	inc hl			;cbd5	23		#
	ld b,(hl)		;cbd6	46		F
	ld hl,(ld5bbh)		;cbd7	2a bb d5	* . .
	ld e,(hl)		;cbda	5e		^
	inc hl			;cbdb	23		#
	ld d,(hl)		;cbdc	56		V
	ld hl,(ld5b9h)		;cbdd	2a b9 d5	* . .
	ld a,(hl)		;cbe0	7e		~
	inc hl			;cbe1	23		#
	ld h,(hl)		;cbe2	66		f
	ld l,a			;cbe3	6f		o
lcbe4h:
	ld a,c			;cbe4	79		y
	sub e			;cbe5	93		.
	ld a,b			;cbe6	78		x
	sbc a,d			;cbe7	9a		.
	jp nc,lcbfah		;cbe8	d2 fa cb	. . .
	push hl			;cbeb	e5		.
	ld hl,(ld5c5h)		;cbec	2a c5 d5	* . .
	ld a,e			;cbef	7b		{
	sub l			;cbf0	95		.
	ld e,a			;cbf1	5f		_
	ld a,d			;cbf2	7a		z
	sbc a,h			;cbf3	9c		.
	ld d,a			;cbf4	57		W
	pop hl			;cbf5	e1		.
	dec hl			;cbf6	2b		+
	jp lcbe4h		;cbf7	c3 e4 cb	. . .
lcbfah:
	push hl			;cbfa	e5		.
	ld hl,(ld5c5h)		;cbfb	2a c5 d5	* . .
	add hl,de		;cbfe	19		.
	jp c,lcc0fh		;cbff	da 0f cc	. . .
	ld a,c			;cc02	79		y
	sub l			;cc03	95		.
	ld a,b			;cc04	78		x
	sbc a,h			;cc05	9c		.
	jp c,lcc0fh		;cc06	da 0f cc	. . .
	ex de,hl		;cc09	eb		.
	pop hl			;cc0a	e1		.
	inc hl			;cc0b	23		#
	jp lcbfah		;cc0c	c3 fa cb	. . .
lcc0fh:
	pop hl			;cc0f	e1		.
	push bc			;cc10	c5		.
	push de			;cc11	d5		.
	push hl			;cc12	e5		.
	ex de,hl		;cc13	eb		.
	ld hl,(ld5d2h)		;cc14	2a d2 d5	* . .
	add hl,de		;cc17	19		.
	ld b,h			;cc18	44		D
	ld c,l			;cc19	4d		M
	call sub_d61eh		;cc1a	cd 1e d6	. . .
	pop de			;cc1d	d1		.
	ld hl,(ld5b9h)		;cc1e	2a b9 d5	* . .
	ld (hl),e		;cc21	73		s
	inc hl			;cc22	23		#
	ld (hl),d		;cc23	72		r
	pop de			;cc24	d1		.
	ld hl,(ld5bbh)		;cc25	2a bb d5	* . .
	ld (hl),e		;cc28	73		s
	inc hl			;cc29	23		#
	ld (hl),d		;cc2a	72		r
	pop bc			;cc2b	c1		.
	ld a,c			;cc2c	79		y
	sub e			;cc2d	93		.
	ld c,a			;cc2e	4f		O
	ld a,b			;cc2f	78		x
	sbc a,d			;cc30	9a		.
	ld b,a			;cc31	47		G
	ld hl,(ld5d4h)		;cc32	2a d4 d5	* . .
	ex de,hl		;cc35	eb		.
	call sub_d630h		;cc36	cd 30 d6	. 0 .
	ld c,l			;cc39	4d		M
	ld b,h			;cc3a	44		D
	jp ld621h		;cc3b	c3 21 d6	. ! .
sub_cc3eh:
	ld hl,ld5c7h		;cc3e	21 c7 d5	! . .
	ld c,(hl)		;cc41	4e		N
	ld a,(ld5e7h)		;cc42	3a e7 d5	: . .
lcc45h:
	or a			;cc45	b7		.
	rra			;cc46	1f		.
	dec c			;cc47	0d		.
	jp nz,lcc45h		;cc48	c2 45 cc	. E .
	ld b,a			;cc4b	47		G
	ld a,008h		;cc4c	3e 08		> .
	sub (hl)		;cc4e	96		.
	ld c,a			;cc4f	4f		O
	ld a,(ld5e6h)		;cc50	3a e6 d5	: . .
lcc53h:
	dec c			;cc53	0d		.
	jp z,lcc5ch		;cc54	ca 5c cc	. \ .
	or a			;cc57	b7		.
	rla			;cc58	17		.
	jp lcc53h		;cc59	c3 53 cc	. S .
lcc5ch:
	add a,b			;cc5c	80		.
	ret			;cc5d	c9		.
sub_cc5eh:
	ld hl,(lcb43h)		;cc5e	2a 43 cb	* C .
	ld de,00010h		;cc61	11 10 00	. . .
	add hl,de		;cc64	19		.
	add hl,bc		;cc65	09		.
	ld a,(ld5e1h)		;cc66	3a e1 d5	: . .
	or a			;cc69	b7		.
	jp z,lcc71h		;cc6a	ca 71 cc	. q .
	ld l,(hl)		;cc6d	6e		n
	ld h,000h		;cc6e	26 00		& .
	ret			;cc70	c9		.
lcc71h:
	add hl,bc		;cc71	09		.
	ld e,(hl)		;cc72	5e		^
	inc hl			;cc73	23		#
	ld d,(hl)		;cc74	56		V
	ex de,hl		;cc75	eb		.
	ret			;cc76	c9		.
sub_cc77h:
	call sub_cc3eh		;cc77	cd 3e cc	. > .
	ld c,a			;cc7a	4f		O
	ld b,000h		;cc7b	06 00		. .
	call sub_cc5eh		;cc7d	cd 5e cc	. ^ .
	ld (ld5e9h),hl		;cc80	22 e9 d5	" . .
	ret			;cc83	c9		.
sub_cc84h:
	ld hl,(ld5e9h)		;cc84	2a e9 d5	* . .
	ld a,l			;cc87	7d		}
	or h			;cc88	b4		.
	ret			;cc89	c9		.
sub_cc8ah:
	ld a,(ld5c7h)		;cc8a	3a c7 d5	: . .
	ld hl,(ld5e9h)		;cc8d	2a e9 d5	* . .
lcc90h:
	add hl,hl		;cc90	29		)
	dec a			;cc91	3d		=
	jp nz,lcc90h		;cc92	c2 90 cc	. . .
	ld (ld5ebh),hl		;cc95	22 eb d5	" . .
	ld a,(ld5c8h)		;cc98	3a c8 d5	: . .
	ld c,a			;cc9b	4f		O
	ld a,(ld5e7h)		;cc9c	3a e7 d5	: . .
	and c			;cc9f	a1		.
	or l			;cca0	b5		.
	ld l,a			;cca1	6f		o
	ld (ld5e9h),hl		;cca2	22 e9 d5	" . .
	ret			;cca5	c9		.
sub_cca6h:
	ld hl,(lcb43h)		;cca6	2a 43 cb	* C .
	ld de,0000ch		;cca9	11 0c 00	. . .
	add hl,de		;ccac	19		.
	ret			;ccad	c9		.
sub_ccaeh:
	ld hl,(lcb43h)		;ccae	2a 43 cb	* C .
	ld de,0000fh		;ccb1	11 0f 00	. . .
	add hl,de		;ccb4	19		.
	ex de,hl		;ccb5	eb		.
	ld hl,00011h		;ccb6	21 11 00	! . .
	add hl,de		;ccb9	19		.
	ret			;ccba	c9		.
sub_ccbbh:
	call sub_ccaeh		;ccbb	cd ae cc	. . .
	ld a,(hl)		;ccbe	7e		~
	ld (ld5e7h),a		;ccbf	32 e7 d5	2 . .
	ex de,hl		;ccc2	eb		.
	ld a,(hl)		;ccc3	7e		~
	ld (ld5e5h),a		;ccc4	32 e5 d5	2 . .
	call sub_cca6h		;ccc7	cd a6 cc	. . .
	ld a,(ld5c9h)		;ccca	3a c9 d5	: . .
	and (hl)		;cccd	a6		.
	ld (ld5e6h),a		;ccce	32 e6 d5	2 . .
	ret			;ccd1	c9		.
lccd2h:
	call sub_ccaeh		;ccd2	cd ae cc	. . .
	ld a,(ld5d9h)		;ccd5	3a d9 d5	: . .
	cp 002h			;ccd8	fe 02		. .
	jp nz,lccdeh		;ccda	c2 de cc	. . .
	xor a			;ccdd	af		.
lccdeh:
	ld c,a			;ccde	4f		O
	ld a,(ld5e7h)		;ccdf	3a e7 d5	: . .
	add a,c			;cce2	81		.
	ld (hl),a		;cce3	77		w
	ex de,hl		;cce4	eb		.
	ld a,(ld5e5h)		;cce5	3a e5 d5	: . .
	ld (hl),a		;cce8	77		w
	ret			;cce9	c9		.
sub_cceah:
	inc c			;ccea	0c		.
lccebh:
	dec c			;cceb	0d		.
	ret z			;ccec	c8		.
	ld a,h			;cced	7c		|
	or a			;ccee	b7		.
	rra			;ccef	1f		.
	ld h,a			;ccf0	67		g
	ld a,l			;ccf1	7d		}
	rra			;ccf2	1f		.
	ld l,a			;ccf3	6f		o
	jp lccebh		;ccf4	c3 eb cc	. . .
sub_ccf7h:
	ld c,080h		;ccf7	0e 80		. .
	ld hl,(ld5bdh)		;ccf9	2a bd d5	* . .
	xor a			;ccfc	af		.
lccfdh:
	add a,(hl)		;ccfd	86		.
	inc hl			;ccfe	23		#
	dec c			;ccff	0d		.
	jp nz,lccfdh		;cd00	c2 fd cc	. . .
	ret			;cd03	c9		.
sub_cd04h:
	inc c			;cd04	0c		.
lcd05h:
	dec c			;cd05	0d		.
	ret z			;cd06	c8		.
	add hl,hl		;cd07	29		)
	jp lcd05h		;cd08	c3 05 cd	. . .
sub_cd0bh:
	push bc			;cd0b	c5		.
	ld a,(lcb42h)		;cd0c	3a 42 cb	: B .
	ld c,a			;cd0f	4f		O
	ld hl,00001h		;cd10	21 01 00	! . .
	call sub_cd04h		;cd13	cd 04 cd	. . .
	pop bc			;cd16	c1		.
	ld a,c			;cd17	79		y
	or l			;cd18	b5		.
	ld l,a			;cd19	6f		o
	ld a,b			;cd1a	78		x
	or h			;cd1b	b4		.
	ld h,a			;cd1c	67		g
	ret			;cd1d	c9		.
sub_cd1eh:
	ld hl,(ld5b1h)		;cd1e	2a b1 d5	* . .
	ld a,(lcb42h)		;cd21	3a 42 cb	: B .
	ld c,a			;cd24	4f		O
	call sub_cceah		;cd25	cd ea cc	. . .
	ld a,l			;cd28	7d		}
	and 001h		;cd29	e6 01		. .
	ret			;cd2b	c9		.
sub_cd2ch:
	ld hl,ld5b1h		;cd2c	21 b1 d5	! . .
	ld c,(hl)		;cd2f	4e		N
	inc hl			;cd30	23		#
	ld b,(hl)		;cd31	46		F
	call sub_cd0bh		;cd32	cd 0b cd	. . .
	ld (ld5b1h),hl		;cd35	22 b1 d5	" . .
	ld hl,(ld5cch)		;cd38	2a cc d5	* . .
	inc hl			;cd3b	23		#
	ex de,hl		;cd3c	eb		.
	ld hl,(ld5b7h)		;cd3d	2a b7 d5	* . .
	ld (hl),e		;cd40	73		s
	inc hl			;cd41	23		#
	ld (hl),d		;cd42	72		r
	ret			;cd43	c9		.
sub_cd44h:
	call sub_cd5eh		;cd44	cd 5e cd	. ^ .
sub_cd47h:
	ld de,00009h		;cd47	11 09 00	. . .
	add hl,de		;cd4a	19		.
	ld a,(hl)		;cd4b	7e		~
	rla			;cd4c	17		.
	ret nc			;cd4d	d0		.
	ld hl,lc80fh		;cd4e	21 0f c8	! . .
	jp lcb4ah		;cd51	c3 4a cb	. J .
sub_cd54h:
	call sub_cd1eh		;cd54	cd 1e cd	. . .
	ret z			;cd57	c8		.
	ld hl,lc80dh		;cd58	21 0d c8	! . .
	jp lcb4ah		;cd5b	c3 4a cb	. J .
sub_cd5eh:
	ld hl,(ld5bdh)		;cd5e	2a bd d5	* . .
	ld a,(ld5edh)		;cd61	3a ed d5	: . .
sub_cd64h:
	add a,l			;cd64	85		.
	ld l,a			;cd65	6f		o
	ret nc			;cd66	d0		.
	inc h			;cd67	24		$
	ret			;cd68	c9		.
sub_cd69h:
	ld hl,(lcb43h)		;cd69	2a 43 cb	* C .
	ld de,0000eh		;cd6c	11 0e 00	. . .
	add hl,de		;cd6f	19		.
	ld a,(hl)		;cd70	7e		~
	ret			;cd71	c9		.
sub_cd72h:
	call sub_cd69h		;cd72	cd 69 cd	. i .
	ld (hl),000h		;cd75	36 00		6 .
	ret			;cd77	c9		.
sub_cd78h:
	call sub_cd69h		;cd78	cd 69 cd	. i .
	or 080h			;cd7b	f6 80		. .
	ld (hl),a		;cd7d	77		w
	ret			;cd7e	c9		.
sub_cd7fh:
	ld hl,(ld5eeh)		;cd7f	2a ee d5	* . .
	ex de,hl		;cd82	eb		.
	ld hl,(ld5b7h)		;cd83	2a b7 d5	* . .
	ld a,e			;cd86	7b		{
	sub (hl)		;cd87	96		.
	inc hl			;cd88	23		#
	ld a,d			;cd89	7a		z
	sbc a,(hl)		;cd8a	9e		.
	ret			;cd8b	c9		.
sub_cd8ch:
	call sub_cd7fh		;cd8c	cd 7f cd	. . .
	ret c			;cd8f	d8		.
	inc de			;cd90	13		.
	ld (hl),d		;cd91	72		r
	dec hl			;cd92	2b		+
	ld (hl),e		;cd93	73		s
	ret			;cd94	c9		.
sub_cd95h:
	ld a,e			;cd95	7b		{
	sub l			;cd96	95		.
	ld l,a			;cd97	6f		o
	ld a,d			;cd98	7a		z
	sbc a,h			;cd99	9c		.
	ld h,a			;cd9a	67		g
	ret			;cd9b	c9		.
sub_cd9ch:
	ld c,0ffh		;cd9c	0e ff		. .
lcd9eh:
	ld hl,(ld5f0h)		;cd9e	2a f0 d5	* . .
	ex de,hl		;cda1	eb		.
	ld hl,(ld5d0h)		;cda2	2a d0 d5	* . .
	call sub_cd95h		;cda5	cd 95 cd	. . .
	ret nc			;cda8	d0		.
	push bc			;cda9	c5		.
	call sub_ccf7h		;cdaa	cd f7 cc	. . .
	ld hl,(ld5c1h)		;cdad	2a c1 d5	* . .
	ex de,hl		;cdb0	eb		.
	ld hl,(ld5f0h)		;cdb1	2a f0 d5	* . .
	add hl,de		;cdb4	19		.
	pop bc			;cdb5	c1		.
	inc c			;cdb6	0c		.
	jp z,lcdc4h		;cdb7	ca c4 cd	. . .
	cp (hl)			;cdba	be		.
	ret z			;cdbb	c8		.
	call sub_cd7fh		;cdbc	cd 7f cd	. . .
	ret nc			;cdbf	d0		.
	call sub_cd2ch		;cdc0	cd 2c cd	. , .
	ret			;cdc3	c9		.
lcdc4h:
	ld (hl),a		;cdc4	77		w
	ret			;cdc5	c9		.
sub_cdc6h:
	call sub_cd9ch		;cdc6	cd 9c cd	. . .
	call sub_cde0h		;cdc9	cd e0 cd	. . .
	ld c,001h		;cdcc	0e 01		. .
	call sub_cbb8h		;cdce	cd b8 cb	. . .
	jp lcddah		;cdd1	c3 da cd	. . .
sub_cdd4h:
	call sub_cde0h		;cdd4	cd e0 cd	. . .
	call sub_cbb2h		;cdd7	cd b2 cb	. . .
lcddah:
	ld hl,ld5b5h		;cdda	21 b5 d5	! . .
	jp lcde3h		;cddd	c3 e3 cd	. . .
sub_cde0h:
	ld hl,ld5bdh		;cde0	21 bd d5	! . .
lcde3h:
	ld c,(hl)		;cde3	4e		N
	inc hl			;cde4	23		#
	ld b,(hl)		;cde5	46		F
	jp ld624h		;cde6	c3 24 d6	. $ .
lcde9h:
	ld hl,(ld5bdh)		;cde9	2a bd d5	* . .
	ex de,hl		;cdec	eb		.
	ld hl,(ld5b5h)		;cded	2a b5 d5	* . .
	ld c,080h		;cdf0	0e 80		. .
	jp sub_cb4fh		;cdf2	c3 4f cb	. O .
sub_cdf5h:
	ld hl,ld5eeh		;cdf5	21 ee d5	! . .
	ld a,(hl)		;cdf8	7e		~
	inc hl			;cdf9	23		#
	cp (hl)			;cdfa	be		.
	ret nz			;cdfb	c0		.
	inc a			;cdfc	3c		<
	ret			;cdfd	c9		.
lcdfeh:
	ld hl,0ffffh		;cdfe	21 ff ff	! . .
	ld (ld5eeh),hl		;ce01	22 ee d5	" . .
	ret			;ce04	c9		.
sub_ce05h:
	ld hl,(ld5cch)		;ce05	2a cc d5	* . .
	ex de,hl		;ce08	eb		.
	ld hl,(ld5eeh)		;ce09	2a ee d5	* . .
	inc hl			;ce0c	23		#
	ld (ld5eeh),hl		;ce0d	22 ee d5	" . .
	call sub_cd95h		;ce10	cd 95 cd	. . .
	jp nc,lce19h		;ce13	d2 19 ce	. . .
	jp lcdfeh		;ce16	c3 fe cd	. . .
lce19h:
	ld a,(ld5eeh)		;ce19	3a ee d5	: . .
	and 003h		;ce1c	e6 03		. .
	ld b,005h		;ce1e	06 05		. .
lce20h:
	add a,a			;ce20	87		.
	dec b			;ce21	05		.
	jp nz,lce20h		;ce22	c2 20 ce	.   .
	ld (ld5edh),a		;ce25	32 ed d5	2 . .
	or a			;ce28	b7		.
	ret nz			;ce29	c0		.
	push bc			;ce2a	c5		.
	call sub_cbc3h		;ce2b	cd c3 cb	. . .
	call sub_cdd4h		;ce2e	cd d4 cd	. . .
	pop bc			;ce31	c1		.
	jp lcd9eh		;ce32	c3 9e cd	. . .
sub_ce35h:
	ld a,c			;ce35	79		y
	and 007h		;ce36	e6 07		. .
	inc a			;ce38	3c		<
	ld e,a			;ce39	5f		_
	ld d,a			;ce3a	57		W
	ld a,c			;ce3b	79		y
	rrca			;ce3c	0f		.
	rrca			;ce3d	0f		.
	rrca			;ce3e	0f		.
	and 01fh		;ce3f	e6 1f		. .
	ld c,a			;ce41	4f		O
	ld a,b			;ce42	78		x
	add a,a			;ce43	87		.
	add a,a			;ce44	87		.
	add a,a			;ce45	87		.
	add a,a			;ce46	87		.
	add a,a			;ce47	87		.
	or c			;ce48	b1		.
	ld c,a			;ce49	4f		O
	ld a,b			;ce4a	78		x
	rrca			;ce4b	0f		.
	rrca			;ce4c	0f		.
	rrca			;ce4d	0f		.
	and 01fh		;ce4e	e6 1f		. .
	ld b,a			;ce50	47		G
	ld hl,(ld5c3h)		;ce51	2a c3 d5	* . .
	add hl,bc		;ce54	09		.
	ld a,(hl)		;ce55	7e		~
lce56h:
	rlca			;ce56	07		.
	dec e			;ce57	1d		.
	jp nz,lce56h		;ce58	c2 56 ce	. V .
	ret			;ce5b	c9		.
sub_ce5ch:
	push de			;ce5c	d5		.
	call sub_ce35h		;ce5d	cd 35 ce	. 5 .
	and 0feh		;ce60	e6 fe		. .
	pop bc			;ce62	c1		.
	or c			;ce63	b1		.
lce64h:
	rrca			;ce64	0f		.
	dec d			;ce65	15		.
	jp nz,lce64h		;ce66	c2 64 ce	. d .
	ld (hl),a		;ce69	77		w
	ret			;ce6a	c9		.
sub_ce6bh:
	call sub_cd5eh		;ce6b	cd 5e cd	. ^ .
	ld de,00010h		;ce6e	11 10 00	. . .
	add hl,de		;ce71	19		.
	push bc			;ce72	c5		.
	ld c,011h		;ce73	0e 11		. .
lce75h:
	pop de			;ce75	d1		.
	dec c			;ce76	0d		.
	ret z			;ce77	c8		.
	push de			;ce78	d5		.
	ld a,(ld5e1h)		;ce79	3a e1 d5	: . .
	or a			;ce7c	b7		.
	jp z,lce88h		;ce7d	ca 88 ce	. . .
	push bc			;ce80	c5		.
	push hl			;ce81	e5		.
	ld c,(hl)		;ce82	4e		N
	ld b,000h		;ce83	06 00		. .
	jp lce8eh		;ce85	c3 8e ce	. . .
lce88h:
	dec c			;ce88	0d		.
	push bc			;ce89	c5		.
	ld c,(hl)		;ce8a	4e		N
	inc hl			;ce8b	23		#
	ld b,(hl)		;ce8c	46		F
	push hl			;ce8d	e5		.
lce8eh:
	ld a,c			;ce8e	79		y
	or b			;ce8f	b0		.
	jp z,lce9dh		;ce90	ca 9d ce	. . .
	ld hl,(ld5cah)		;ce93	2a ca d5	* . .
	ld a,l			;ce96	7d		}
	sub c			;ce97	91		.
	ld a,h			;ce98	7c		|
	sbc a,b			;ce99	98		.
	call nc,sub_ce5ch	;ce9a	d4 5c ce	. \ .
lce9dh:
	pop hl			;ce9d	e1		.
	inc hl			;ce9e	23		#
	pop bc			;ce9f	c1		.
	jp lce75h		;cea0	c3 75 ce	. u .
lcea3h:
	ld hl,(ld5cah)		;cea3	2a ca d5	* . .
	ld c,003h		;cea6	0e 03		. .
	call sub_cceah		;cea8	cd ea cc	. . .
	inc hl			;ceab	23		#
	ld b,h			;ceac	44		D
	ld c,l			;cead	4d		M
	ld hl,(ld5c3h)		;ceae	2a c3 d5	* . .
lceb1h:
	ld (hl),000h		;ceb1	36 00		6 .
	inc hl			;ceb3	23		#
	dec bc			;ceb4	0b		.
	ld a,b			;ceb5	78		x
	or c			;ceb6	b1		.
	jp nz,lceb1h		;ceb7	c2 b1 ce	. . .
	ld hl,(ld5ceh)		;ceba	2a ce d5	* . .
	ex de,hl		;cebd	eb		.
	ld hl,(ld5c3h)		;cebe	2a c3 d5	* . .
	ld (hl),e		;cec1	73		s
	inc hl			;cec2	23		#
	ld (hl),d		;cec3	72		r
	call sub_cba1h		;cec4	cd a1 cb	. . .
	ld hl,(ld5b7h)		;cec7	2a b7 d5	* . .
	ld (hl),003h		;ceca	36 03		6 .
	inc hl			;cecc	23		#
	ld (hl),000h		;cecd	36 00		6 .
	call lcdfeh		;cecf	cd fe cd	. . .
lced2h:
	ld c,0ffh		;ced2	0e ff		. .
	call sub_ce05h		;ced4	cd 05 ce	. . .
	call sub_cdf5h		;ced7	cd f5 cd	. . .
	ret z			;ceda	c8		.
	call sub_cd5eh		;cedb	cd 5e cd	. ^ .
	ld a,0e5h		;cede	3e e5		> .
	cp (hl)			;cee0	be		.
	jr z,lcf00h		;cee1	28 1d		( .
	ld a,(lcb41h)		;cee3	3a 41 cb	: A .
	cp (hl)			;cee6	be		.
	jp nz,lcef5h		;cee7	c2 f5 ce	. . .
	inc hl			;ceea	23		#
	ld a,(hl)		;ceeb	7e		~
	sub 024h		;ceec	d6 24		. $
	jp nz,lcef5h		;ceee	c2 f5 ce	. . .
	dec a			;cef1	3d		=
	ld (lcb45h),a		;cef2	32 45 cb	2 E .
lcef5h:
	ld c,001h		;cef5	0e 01		. .
	call sub_ce6bh		;cef7	cd 6b ce	. k .
	call sub_cd8ch		;cefa	cd 8c cd	. . .
	jp lced2h		;cefd	c3 d2 ce	. . .
lcf00h:
	inc hl			;cf00	23		#
	cp (hl)			;cf01	be		.
	ret z			;cf02	c8		.
	jr lced2h		;cf03	18 cd		. .
lcf05h:
	ld a,(ld5d8h)		;cf05	3a d8 d5	: . .
	jp lcb01h		;cf08	c3 01 cb	. . .
sub_cf0bh:
	push bc			;cf0b	c5		.
	push af			;cf0c	f5		.
	ld a,(ld5c9h)		;cf0d	3a c9 d5	: . .
	cpl			;cf10	2f		/
	ld b,a			;cf11	47		G
	ld a,c			;cf12	79		y
	and b			;cf13	a0		.
	ld c,a			;cf14	4f		O
	pop af			;cf15	f1		.
	and b			;cf16	a0		.
	sub c			;cf17	91		.
	and 01fh		;cf18	e6 1f		. .
	pop bc			;cf1a	c1		.
	ret			;cf1b	c9		.
sub_cf1ch:
	ld a,0ffh		;cf1c	3e ff		> .
	ld (ld5d8h),a		;cf1e	32 d8 d5	2 . .
	ld hl,ld5dch		;cf21	21 dc d5	! . .
	ld (hl),c		;cf24	71		q
	ld hl,(lcb43h)		;cf25	2a 43 cb	* C .
	ld (ld5ddh),hl		;cf28	22 dd d5	" . .
	call lcdfeh		;cf2b	cd fe cd	. . .
	call sub_cba1h		;cf2e	cd a1 cb	. . .
lcf31h:
	ld c,000h		;cf31	0e 00		. .
	call sub_ce05h		;cf33	cd 05 ce	. . .
	call sub_cdf5h		;cf36	cd f5 cd	. . .
	jp z,lcf98h		;cf39	ca 98 cf	. . .
	ld hl,(ld5ddh)		;cf3c	2a dd d5	* . .
	ex de,hl		;cf3f	eb		.
	ld a,(de)		;cf40	1a		.
	cp 0e5h			;cf41	fe e5		. .
	jp z,lcf4eh		;cf43	ca 4e cf	. N .
	push de			;cf46	d5		.
	call sub_cd7fh		;cf47	cd 7f cd	. . .
	pop de			;cf4a	d1		.
	jp nc,lcf98h		;cf4b	d2 98 cf	. . .
lcf4eh:
	call sub_cd5eh		;cf4e	cd 5e cd	. ^ .
	ld a,(ld5dch)		;cf51	3a dc d5	: . .
	ld c,a			;cf54	4f		O
	ld b,000h		;cf55	06 00		. .
lcf57h:
	ld a,c			;cf57	79		y
	or a			;cf58	b7		.
	jp z,lcf87h		;cf59	ca 87 cf	. . .
	ld a,(de)		;cf5c	1a		.
	cp 03fh			;cf5d	fe 3f		. ?
	jp z,lcf80h		;cf5f	ca 80 cf	. . .
	ld a,b			;cf62	78		x
	cp 00dh			;cf63	fe 0d		. .
	jp z,lcf80h		;cf65	ca 80 cf	. . .
	cp 00ch			;cf68	fe 0c		. .
	ld a,(de)		;cf6a	1a		.
	jp z,lcf77h		;cf6b	ca 77 cf	. w .
	sub (hl)		;cf6e	96		.
	and 07fh		;cf6f	e6 7f		. .
	jp nz,lcf31h		;cf71	c2 31 cf	. 1 .
	jp lcf80h		;cf74	c3 80 cf	. . .
lcf77h:
	push bc			;cf77	c5		.
	ld c,(hl)		;cf78	4e		N
	call sub_cf0bh		;cf79	cd 0b cf	. . .
	pop bc			;cf7c	c1		.
	jp nz,lcf31h		;cf7d	c2 31 cf	. 1 .
lcf80h:
	inc de			;cf80	13		.
	inc hl			;cf81	23		#
	inc b			;cf82	04		.
	dec c			;cf83	0d		.
	jp lcf57h		;cf84	c3 57 cf	. W .
lcf87h:
	ld a,(ld5eeh)		;cf87	3a ee d5	: . .
	and 003h		;cf8a	e6 03		. .
	ld (lcb45h),a		;cf8c	32 45 cb	2 E .
	ld hl,ld5d8h		;cf8f	21 d8 d5	! . .
	ld a,(hl)		;cf92	7e		~
	rla			;cf93	17		.
	ret nc			;cf94	d0		.
	xor a			;cf95	af		.
	ld (hl),a		;cf96	77		w
	ret			;cf97	c9		.
lcf98h:
	call lcdfeh		;cf98	cd fe cd	. . .
	ld a,0ffh		;cf9b	3e ff		> .
	jp lcb01h		;cf9d	c3 01 cb	. . .
sub_cfa0h:
	call sub_cd54h		;cfa0	cd 54 cd	. T .
	ld c,00ch		;cfa3	0e 0c		. .
	call sub_cf1ch		;cfa5	cd 1c cf	. . .
lcfa8h:
	call sub_cdf5h		;cfa8	cd f5 cd	. . .
	ret z			;cfab	c8		.
	call sub_cd44h		;cfac	cd 44 cd	. D .
	call sub_cd5eh		;cfaf	cd 5e cd	. ^ .
	ld (hl),0e5h		;cfb2	36 e5		6 .
	ld c,000h		;cfb4	0e 00		. .
	call sub_ce6bh		;cfb6	cd 6b ce	. k .
	call sub_cdc6h		;cfb9	cd c6 cd	. . .
	call lcf31h		;cfbc	cd 31 cf	. 1 .
	jp lcfa8h		;cfbf	c3 a8 cf	. . .
sub_cfc2h:
	ld d,b			;cfc2	50		P
	ld e,c			;cfc3	59		Y
lcfc4h:
	ld a,c			;cfc4	79		y
	or b			;cfc5	b0		.
	jp z,lcfd5h		;cfc6	ca d5 cf	. . .
	dec bc			;cfc9	0b		.
	push de			;cfca	d5		.
	push bc			;cfcb	c5		.
	call sub_ce35h		;cfcc	cd 35 ce	. 5 .
	rra			;cfcf	1f		.
	jp nc,lcff0h		;cfd0	d2 f0 cf	. . .
	pop bc			;cfd3	c1		.
	pop de			;cfd4	d1		.
lcfd5h:
	ld hl,(ld5cah)		;cfd5	2a ca d5	* . .
	ld a,e			;cfd8	7b		{
	sub l			;cfd9	95		.
	ld a,d			;cfda	7a		z
	sbc a,h			;cfdb	9c		.
	jp nc,lcff8h		;cfdc	d2 f8 cf	. . .
	inc de			;cfdf	13		.
	push bc			;cfe0	c5		.
	push de			;cfe1	d5		.
	ld b,d			;cfe2	42		B
	ld c,e			;cfe3	4b		K
	call sub_ce35h		;cfe4	cd 35 ce	. 5 .
	rra			;cfe7	1f		.
	jp nc,lcff0h		;cfe8	d2 f0 cf	. . .
	pop de			;cfeb	d1		.
	pop bc			;cfec	c1		.
	jp lcfc4h		;cfed	c3 c4 cf	. . .
lcff0h:
	rla			;cff0	17		.
	inc a			;cff1	3c		<
	call lce64h		;cff2	cd 64 ce	. d .
	pop hl			;cff5	e1		.
	pop de			;cff6	d1		.
	ret			;cff7	c9		.
lcff8h:
	ld a,c			;cff8	79		y
	or b			;cff9	b0		.
	jp nz,lcfc4h		;cffa	c2 c4 cf	. . .
	ld hl,00000h		;cffd	21 00 00	! . .
	ret			;d000	c9		.
sub_d001h:
	ld c,000h		;d001	0e 00		. .
	ld e,020h		;d003	1e 20		.  
sub_d005h:
	push de			;d005	d5		.
	ld b,000h		;d006	06 00		. .
	ld hl,(lcb43h)		;d008	2a 43 cb	* C .
	add hl,bc		;d00b	09		.
	ex de,hl		;d00c	eb		.
	call sub_cd5eh		;d00d	cd 5e cd	. ^ .
	pop bc			;d010	c1		.
	call sub_cb4fh		;d011	cd 4f cb	. O .
ld014h:
	call sub_cbc3h		;d014	cd c3 cb	. . .
	jp sub_cdc6h		;d017	c3 c6 cd	. . .
sub_d01ah:
	call sub_cd54h		;d01a	cd 54 cd	. T .
	ld c,00ch		;d01d	0e 0c		. .
	call sub_cf1ch		;d01f	cd 1c cf	. . .
	ld hl,(lcb43h)		;d022	2a 43 cb	* C .
	ld a,(hl)		;d025	7e		~
	ld de,00010h		;d026	11 10 00	. . .
	add hl,de		;d029	19		.
	ld (hl),a		;d02a	77		w
ld02bh:
	call sub_cdf5h		;d02b	cd f5 cd	. . .
	ret z			;d02e	c8		.
	call sub_cd44h		;d02f	cd 44 cd	. D .
	ld c,010h		;d032	0e 10		. .
	ld e,00ch		;d034	1e 0c		. .
	call sub_d005h		;d036	cd 05 d0	. . .
	call lcf31h		;d039	cd 31 cf	. 1 .
	jp ld02bh		;d03c	c3 2b d0	. + .
sub_d03fh:
	ld c,00ch		;d03f	0e 0c		. .
	call sub_cf1ch		;d041	cd 1c cf	. . .
ld044h:
	call sub_cdf5h		;d044	cd f5 cd	. . .
	ret z			;d047	c8		.
	ld c,000h		;d048	0e 00		. .
	ld e,00ch		;d04a	1e 0c		. .
	call sub_d005h		;d04c	cd 05 d0	. . .
	call lcf31h		;d04f	cd 31 cf	. 1 .
	jp ld044h		;d052	c3 44 d0	. D .
sub_d055h:
	ld c,00fh		;d055	0e 0f		. .
	call sub_cf1ch		;d057	cd 1c cf	. . .
	call sub_cdf5h		;d05a	cd f5 cd	. . .
	ret z			;d05d	c8		.
sub_d05eh:
	call sub_cca6h		;d05e	cd a6 cc	. . .
	ld a,(hl)		;d061	7e		~
	push af			;d062	f5		.
	push hl			;d063	e5		.
	call sub_cd5eh		;d064	cd 5e cd	. ^ .
	ex de,hl		;d067	eb		.
	ld hl,(lcb43h)		;d068	2a 43 cb	* C .
	ld c,020h		;d06b	0e 20		.  
	push de			;d06d	d5		.
	call sub_cb4fh		;d06e	cd 4f cb	. O .
	call sub_cd78h		;d071	cd 78 cd	. x .
	pop de			;d074	d1		.
	ld hl,0000ch		;d075	21 0c 00	! . .
	add hl,de		;d078	19		.
	ld c,(hl)		;d079	4e		N
	ld hl,0000fh		;d07a	21 0f 00	! . .
	add hl,de		;d07d	19		.
	ld b,(hl)		;d07e	46		F
	pop hl			;d07f	e1		.
	pop af			;d080	f1		.
	ld (hl),a		;d081	77		w
	ld a,c			;d082	79		y
	cp (hl)			;d083	be		.
	ld a,b			;d084	78		x
	jp z,ld08fh		;d085	ca 8f d0	. . .
	ld a,000h		;d088	3e 00		> .
	jp c,ld08fh		;d08a	da 8f d0	. . .
	ld a,080h		;d08d	3e 80		> .
ld08fh:
	ld hl,(lcb43h)		;d08f	2a 43 cb	* C .
	ld de,0000fh		;d092	11 0f 00	. . .
	add hl,de		;d095	19		.
	ld (hl),a		;d096	77		w
	ret			;d097	c9		.
sub_d098h:
	ld a,(hl)		;d098	7e		~
	inc hl			;d099	23		#
	or (hl)			;d09a	b6		.
	dec hl			;d09b	2b		+
	ret nz			;d09c	c0		.
	ld a,(de)		;d09d	1a		.
	ld (hl),a		;d09e	77		w
	inc de			;d09f	13		.
	inc hl			;d0a0	23		#
	ld a,(de)		;d0a1	1a		.
	ld (hl),a		;d0a2	77		w
	dec de			;d0a3	1b		.
	dec hl			;d0a4	2b		+
	ret			;d0a5	c9		.
sub_d0a6h:
	xor a			;d0a6	af		.
	ld (lcb45h),a		;d0a7	32 45 cb	2 E .
	ld (ld5eeh),a		;d0aa	32 ee d5	2 . .
	ld (ld5efh),a		;d0ad	32 ef d5	2 . .
	call sub_cd1eh		;d0b0	cd 1e cd	. . .
	ret nz			;d0b3	c0		.
	call sub_cd69h		;d0b4	cd 69 cd	. i .
	and 080h		;d0b7	e6 80		. .
	ret nz			;d0b9	c0		.
	ld c,00fh		;d0ba	0e 0f		. .
	call sub_cf1ch		;d0bc	cd 1c cf	. . .
	call sub_cdf5h		;d0bf	cd f5 cd	. . .
	ret z			;d0c2	c8		.
	ld bc,00010h		;d0c3	01 10 00	. . .
	call sub_cd5eh		;d0c6	cd 5e cd	. ^ .
	add hl,bc		;d0c9	09		.
	ex de,hl		;d0ca	eb		.
	ld hl,(lcb43h)		;d0cb	2a 43 cb	* C .
	add hl,bc		;d0ce	09		.
	ld c,010h		;d0cf	0e 10		. .
ld0d1h:
	ld a,(ld5e1h)		;d0d1	3a e1 d5	: . .
	or a			;d0d4	b7		.
	jp z,ld0ech		;d0d5	ca ec d0	. . .
	ld a,(hl)		;d0d8	7e		~
	or a			;d0d9	b7		.
	ld a,(de)		;d0da	1a		.
	jp nz,ld0dfh		;d0db	c2 df d0	. . .
	ld (hl),a		;d0de	77		w
ld0dfh:
	or a			;d0df	b7		.
	jp nz,ld0e5h		;d0e0	c2 e5 d0	. . .
	ld a,(hl)		;d0e3	7e		~
	ld (de),a		;d0e4	12		.
ld0e5h:
	cp (hl)			;d0e5	be		.
	jp nz,ld123h		;d0e6	c2 23 d1	. # .
	jp ld101h		;d0e9	c3 01 d1	. . .
ld0ech:
	call sub_d098h		;d0ec	cd 98 d0	. . .
	ex de,hl		;d0ef	eb		.
	call sub_d098h		;d0f0	cd 98 d0	. . .
	ex de,hl		;d0f3	eb		.
	ld a,(de)		;d0f4	1a		.
	cp (hl)			;d0f5	be		.
	jp nz,ld123h		;d0f6	c2 23 d1	. # .
	inc de			;d0f9	13		.
	inc hl			;d0fa	23		#
	ld a,(de)		;d0fb	1a		.
	cp (hl)			;d0fc	be		.
	jp nz,ld123h		;d0fd	c2 23 d1	. # .
	dec c			;d100	0d		.
ld101h:
	inc de			;d101	13		.
	inc hl			;d102	23		#
	dec c			;d103	0d		.
	jp nz,ld0d1h		;d104	c2 d1 d0	. . .
	ld bc,0ffech		;d107	01 ec ff	. . .
	add hl,bc		;d10a	09		.
	ex de,hl		;d10b	eb		.
	add hl,bc		;d10c	09		.
	ld a,(de)		;d10d	1a		.
	cp (hl)			;d10e	be		.
	jp c,ld11bh		;d10f	da 1b d1	. . .
	ld (hl),a		;d112	77		w
	ld bc,00003h		;d113	01 03 00	. . .
	add hl,bc		;d116	09		.
	ex de,hl		;d117	eb		.
	add hl,bc		;d118	09		.
	ld a,(hl)		;d119	7e		~
	ld (de),a		;d11a	12		.
ld11bh:
	ld a,0ffh		;d11b	3e ff		> .
	ld (ld5d6h),a		;d11d	32 d6 d5	2 . .
	jp ld014h		;d120	c3 14 d0	. . .
ld123h:
	ld hl,lcb45h		;d123	21 45 cb	! E .
	dec (hl)		;d126	35		5
	ret			;d127	c9		.
sub_d128h:
	call sub_cd54h		;d128	cd 54 cd	. T .
	ld hl,(lcb43h)		;d12b	2a 43 cb	* C .
	push hl			;d12e	e5		.
	ld hl,ld5b0h		;d12f	21 b0 d5	! . .
	ld (lcb43h),hl		;d132	22 43 cb	" C .
	ld c,001h		;d135	0e 01		. .
	call sub_cf1ch		;d137	cd 1c cf	. . .
	call sub_cdf5h		;d13a	cd f5 cd	. . .
	pop hl			;d13d	e1		.
	ld (lcb43h),hl		;d13e	22 43 cb	" C .
	ret z			;d141	c8		.
	ex de,hl		;d142	eb		.
	ld hl,0000fh		;d143	21 0f 00	! . .
	add hl,de		;d146	19		.
	ld c,011h		;d147	0e 11		. .
	xor a			;d149	af		.
ld14ah:
	ld (hl),a		;d14a	77		w
	inc hl			;d14b	23		#
	dec c			;d14c	0d		.
	jp nz,ld14ah		;d14d	c2 4a d1	. J .
	ld hl,0000dh		;d150	21 0d 00	! . .
	add hl,de		;d153	19		.
	ld (hl),a		;d154	77		w
	call sub_cd8ch		;d155	cd 8c cd	. . .
	call sub_d001h		;d158	cd 01 d0	. . .
	jp sub_cd78h		;d15b	c3 78 cd	. x .
sub_d15eh:
	xor a			;d15e	af		.
	ld (ld5d6h),a		;d15f	32 d6 d5	2 . .
	call sub_d0a6h		;d162	cd a6 d0	. . .
	call sub_cdf5h		;d165	cd f5 cd	. . .
	ret z			;d168	c8		.
	ld hl,(lcb43h)		;d169	2a 43 cb	* C .
	ld bc,0000ch		;d16c	01 0c 00	. . .
	add hl,bc		;d16f	09		.
	ld a,(hl)		;d170	7e		~
	inc a			;d171	3c		<
	and 01fh		;d172	e6 1f		. .
	ld (hl),a		;d174	77		w
	jp z,ld187h		;d175	ca 87 d1	. . .
	ld b,a			;d178	47		G
	ld a,(ld5c9h)		;d179	3a c9 d5	: . .
	and b			;d17c	a0		.
	ld hl,ld5d6h		;d17d	21 d6 d5	! . .
	and (hl)		;d180	a6		.
	jp z,ld192h		;d181	ca 92 d1	. . .
	jp ld1b0h		;d184	c3 b0 d1	. . .
ld187h:
	ld bc,00002h		;d187	01 02 00	. . .
	add hl,bc		;d18a	09		.
	inc (hl)		;d18b	34		4
	ld a,(hl)		;d18c	7e		~
	and 00fh		;d18d	e6 0f		. .
	jp z,ld1bah		;d18f	ca ba d1	. . .
ld192h:
	ld c,00fh		;d192	0e 0f		. .
	call sub_cf1ch		;d194	cd 1c cf	. . .
	call sub_cdf5h		;d197	cd f5 cd	. . .
	jp nz,ld1b0h		;d19a	c2 b0 d1	. . .
	ld a,(ld5d7h)		;d19d	3a d7 d5	: . .
	inc a			;d1a0	3c		<
	jp z,ld1bah		;d1a1	ca ba d1	. . .
	call sub_d128h		;d1a4	cd 28 d1	. ( .
	call sub_cdf5h		;d1a7	cd f5 cd	. . .
	jp z,ld1bah		;d1aa	ca ba d1	. . .
	jp ld1b3h		;d1ad	c3 b3 d1	. . .
ld1b0h:
	call sub_d05eh		;d1b0	cd 5e d0	. ^ .
ld1b3h:
	call sub_ccbbh		;d1b3	cd bb cc	. . .
	xor a			;d1b6	af		.
	jp lcb01h		;d1b7	c3 01 cb	. . .
ld1bah:
	call sub_cb05h		;d1ba	cd 05 cb	. . .
	jp sub_cd78h		;d1bd	c3 78 cd	. x .
ld1c0h:
	ld a,001h		;d1c0	3e 01		> .
	ld (ld5d9h),a		;d1c2	32 d9 d5	2 . .
sub_d1c5h:
	ld a,0ffh		;d1c5	3e ff		> .
	ld (ld5d7h),a		;d1c7	32 d7 d5	2 . .
	call sub_ccbbh		;d1ca	cd bb cc	. . .
	ld a,(ld5e7h)		;d1cd	3a e7 d5	: . .
	ld hl,ld5e5h		;d1d0	21 e5 d5	! . .
	cp (hl)			;d1d3	be		.
	jp c,ld1eah		;d1d4	da ea d1	. . .
	cp 080h			;d1d7	fe 80		. .
	jp nz,ld1ffh		;d1d9	c2 ff d1	. . .
	call sub_d15eh		;d1dc	cd 5e d1	. ^ .
	xor a			;d1df	af		.
	ld (ld5e7h),a		;d1e0	32 e7 d5	2 . .
	ld a,(lcb45h)		;d1e3	3a 45 cb	: E .
	or a			;d1e6	b7		.
	jp nz,ld1ffh		;d1e7	c2 ff d1	. . .
ld1eah:
	call sub_cc77h		;d1ea	cd 77 cc	. w .
	call sub_cc84h		;d1ed	cd 84 cc	. . .
	jp z,ld1ffh		;d1f0	ca ff d1	. . .
	call sub_cc8ah		;d1f3	cd 8a cc	. . .
	call sub_cbd1h		;d1f6	cd d1 cb	. . .
	call sub_cbb2h		;d1f9	cd b2 cb	. . .
	jp lccd2h		;d1fc	c3 d2 cc	. . .
ld1ffh:
	jp sub_cb05h		;d1ff	c3 05 cb	. . .
ld202h:
	ld a,001h		;d202	3e 01		> .
	ld (ld5d9h),a		;d204	32 d9 d5	2 . .
sub_d207h:
	ld a,000h		;d207	3e 00		> .
	ld (ld5d7h),a		;d209	32 d7 d5	2 . .
	call sub_cd54h		;d20c	cd 54 cd	. T .
	ld hl,(lcb43h)		;d20f	2a 43 cb	* C .
	call sub_cd47h		;d212	cd 47 cd	. G .
	call sub_ccbbh		;d215	cd bb cc	. . .
	ld a,(ld5e7h)		;d218	3a e7 d5	: . .
	cp 080h			;d21b	fe 80		. .
	jp nc,sub_cb05h		;d21d	d2 05 cb	. . .
	call sub_cc77h		;d220	cd 77 cc	. w .
	call sub_cc84h		;d223	cd 84 cc	. . .
	ld c,000h		;d226	0e 00		. .
	jp nz,ld272h		;d228	c2 72 d2	. r .
	call sub_cc3eh		;d22b	cd 3e cc	. > .
	ld (ld5dbh),a		;d22e	32 db d5	2 . .
	ld bc,00000h		;d231	01 00 00	. . .
	or a			;d234	b7		.
	jp z,ld23fh		;d235	ca 3f d2	. ? .
	ld c,a			;d238	4f		O
	dec bc			;d239	0b		.
	call sub_cc5eh		;d23a	cd 5e cc	. ^ .
	ld b,h			;d23d	44		D
	ld c,l			;d23e	4d		M
ld23fh:
	call sub_cfc2h		;d23f	cd c2 cf	. . .
	ld a,l			;d242	7d		}
	or h			;d243	b4		.
	jp nz,ld24ch		;d244	c2 4c d2	. L .
	ld a,002h		;d247	3e 02		> .
	jp lcb01h		;d249	c3 01 cb	. . .
ld24ch:
	ld (ld5e9h),hl		;d24c	22 e9 d5	" . .
	ex de,hl		;d24f	eb		.
	ld hl,(lcb43h)		;d250	2a 43 cb	* C .
	ld bc,00010h		;d253	01 10 00	. . .
	add hl,bc		;d256	09		.
	ld a,(ld5e1h)		;d257	3a e1 d5	: . .
	or a			;d25a	b7		.
	ld a,(ld5dbh)		;d25b	3a db d5	: . .
	jp z,ld268h		;d25e	ca 68 d2	. h .
	call sub_cd64h		;d261	cd 64 cd	. d .
	ld (hl),e		;d264	73		s
	jp ld270h		;d265	c3 70 d2	. p .
ld268h:
	ld c,a			;d268	4f		O
	ld b,000h		;d269	06 00		. .
	add hl,bc		;d26b	09		.
	add hl,bc		;d26c	09		.
	ld (hl),e		;d26d	73		s
	inc hl			;d26e	23		#
	ld (hl),d		;d26f	72		r
ld270h:
	ld c,002h		;d270	0e 02		. .
ld272h:
	ld a,(lcb45h)		;d272	3a 45 cb	: E .
	or a			;d275	b7		.
	ret nz			;d276	c0		.
	push bc			;d277	c5		.
	call sub_cc8ah		;d278	cd 8a cc	. . .
	ld a,(ld5d9h)		;d27b	3a d9 d5	: . .
	dec a			;d27e	3d		=
	dec a			;d27f	3d		=
	jp nz,ld2bfh		;d280	c2 bf d2	. . .
	pop bc			;d283	c1		.
	push bc			;d284	c5		.
	ld a,c			;d285	79		y
	dec a			;d286	3d		=
	dec a			;d287	3d		=
	jp nz,ld2bfh		;d288	c2 bf d2	. . .
	push hl			;d28b	e5		.
	ld hl,(ld5bdh)		;d28c	2a bd d5	* . .
	ld d,a			;d28f	57		W
ld290h:
	ld (hl),a		;d290	77		w
	inc hl			;d291	23		#
	inc d			;d292	14		.
	jp p,ld290h		;d293	f2 90 d2	. . .
	call sub_cde0h		;d296	cd e0 cd	. . .
	ld hl,(ld5ebh)		;d299	2a eb d5	* . .
	ld c,002h		;d29c	0e 02		. .
ld29eh:
	ld (ld5e9h),hl		;d29e	22 e9 d5	" . .
	push bc			;d2a1	c5		.
	call sub_cbd1h		;d2a2	cd d1 cb	. . .
	pop bc			;d2a5	c1		.
	call sub_cbb8h		;d2a6	cd b8 cb	. . .
	ld hl,(ld5e9h)		;d2a9	2a e9 d5	* . .
	ld c,000h		;d2ac	0e 00		. .
	ld a,(ld5c8h)		;d2ae	3a c8 d5	: . .
	ld b,a			;d2b1	47		G
	and l			;d2b2	a5		.
	cp b			;d2b3	b8		.
	inc hl			;d2b4	23		#
	jp nz,ld29eh		;d2b5	c2 9e d2	. . .
	pop hl			;d2b8	e1		.
	ld (ld5e9h),hl		;d2b9	22 e9 d5	" . .
	call lcddah		;d2bc	cd da cd	. . .
ld2bfh:
	call sub_cbd1h		;d2bf	cd d1 cb	. . .
	pop bc			;d2c2	c1		.
	push bc			;d2c3	c5		.
	call sub_cbb8h		;d2c4	cd b8 cb	. . .
	pop bc			;d2c7	c1		.
	ld a,(ld5e7h)		;d2c8	3a e7 d5	: . .
	ld hl,ld5e5h		;d2cb	21 e5 d5	! . .
	cp (hl)			;d2ce	be		.
	jp c,ld2d6h		;d2cf	da d6 d2	. . .
	ld (hl),a		;d2d2	77		w
	inc (hl)		;d2d3	34		4
	ld c,002h		;d2d4	0e 02		. .
ld2d6h:
	nop			;d2d6	00		.
	nop			;d2d7	00		.
	nop			;d2d8	00		.
	nop			;d2d9	00		.
	nop			;d2da	00		.
	push af			;d2db	f5		.
	call sub_cd69h		;d2dc	cd 69 cd	. i .
	and 07fh		;d2df	e6 7f		. .
	ld (hl),a		;d2e1	77		w
	pop af			;d2e2	f1		.
	cp 07fh			;d2e3	fe 7f		. .
	jp nz,ld304h		;d2e5	c2 04 d3	. . .
	ld a,(ld5d9h)		;d2e8	3a d9 d5	: . .
	cp 001h			;d2eb	fe 01		. .
	jp nz,ld304h		;d2ed	c2 04 d3	. . .
	call lccd2h		;d2f0	cd d2 cc	. . .
	call sub_d15eh		;d2f3	cd 5e d1	. ^ .
	ld hl,lcb45h		;d2f6	21 45 cb	! E .
	ld a,(hl)		;d2f9	7e		~
	or a			;d2fa	b7		.
	jp nz,ld302h		;d2fb	c2 02 d3	. . .
	dec a			;d2fe	3d		=
	ld (ld5e7h),a		;d2ff	32 e7 d5	2 . .
ld302h:
	ld (hl),000h		;d302	36 00		6 .
ld304h:
	jp lccd2h		;d304	c3 d2 cc	. . .
sub_d307h:
	xor a			;d307	af		.
	ld (ld5d9h),a		;d308	32 d9 d5	2 . .
sub_d30bh:
	push bc			;d30b	c5		.
	ld hl,(lcb43h)		;d30c	2a 43 cb	* C .
	ex de,hl		;d30f	eb		.
	ld hl,00021h		;d310	21 21 00	! ! .
	add hl,de		;d313	19		.
	ld a,(hl)		;d314	7e		~
	and 07fh		;d315	e6 7f		. .
	push af			;d317	f5		.
	ld a,(hl)		;d318	7e		~
	rla			;d319	17		.
	inc hl			;d31a	23		#
	ld a,(hl)		;d31b	7e		~
	rla			;d31c	17		.
	and 01fh		;d31d	e6 1f		. .
	ld c,a			;d31f	4f		O
	ld a,(hl)		;d320	7e		~
	rra			;d321	1f		.
	rra			;d322	1f		.
	rra			;d323	1f		.
	rra			;d324	1f		.
	and 00fh		;d325	e6 0f		. .
	ld b,a			;d327	47		G
	pop af			;d328	f1		.
	inc hl			;d329	23		#
	ld l,(hl)		;d32a	6e		n
	inc l			;d32b	2c		,
	dec l			;d32c	2d		-
	ld l,006h		;d32d	2e 06		. .
	jp nz,ld38fh		;d32f	c2 8f d3	. . .
	ld hl,00020h		;d332	21 20 00	!   .
	add hl,de		;d335	19		.
	ld (hl),a		;d336	77		w
	ld hl,0000ch		;d337	21 0c 00	! . .
	add hl,de		;d33a	19		.
	ld a,c			;d33b	79		y
	sub (hl)		;d33c	96		.
	jp nz,ld34bh		;d33d	c2 4b d3	. K .
	ld hl,0000eh		;d340	21 0e 00	! . .
	add hl,de		;d343	19		.
	ld a,b			;d344	78		x
	sub (hl)		;d345	96		.
	and 07fh		;d346	e6 7f		. .
	jp z,ld383h		;d348	ca 83 d3	. . .
ld34bh:
	push bc			;d34b	c5		.
	push de			;d34c	d5		.
	call sub_d0a6h		;d34d	cd a6 d0	. . .
	pop de			;d350	d1		.
	pop bc			;d351	c1		.
	ld l,003h		;d352	2e 03		. .
	ld a,(lcb45h)		;d354	3a 45 cb	: E .
	inc a			;d357	3c		<
	jp z,ld388h		;d358	ca 88 d3	. . .
	ld hl,0000ch		;d35b	21 0c 00	! . .
	add hl,de		;d35e	19		.
	ld (hl),c		;d35f	71		q
	ld hl,0000eh		;d360	21 0e 00	! . .
	add hl,de		;d363	19		.
	ld (hl),b		;d364	70		p
	call sub_d055h		;d365	cd 55 d0	. U .
	ld a,(lcb45h)		;d368	3a 45 cb	: E .
	inc a			;d36b	3c		<
	jp nz,ld383h		;d36c	c2 83 d3	. . .
	pop bc			;d36f	c1		.
	push bc			;d370	c5		.
	ld l,004h		;d371	2e 04		. .
	inc c			;d373	0c		.
	jp z,ld388h		;d374	ca 88 d3	. . .
	call sub_d128h		;d377	cd 28 d1	. ( .
	ld l,005h		;d37a	2e 05		. .
	ld a,(lcb45h)		;d37c	3a 45 cb	: E .
	inc a			;d37f	3c		<
	jp z,ld388h		;d380	ca 88 d3	. . .
ld383h:
	pop bc			;d383	c1		.
	xor a			;d384	af		.
	jp lcb01h		;d385	c3 01 cb	. . .
ld388h:
	push hl			;d388	e5		.
	call sub_cd69h		;d389	cd 69 cd	. i .
	ld (hl),0c0h		;d38c	36 c0		6 .
	pop hl			;d38e	e1		.
ld38fh:
	pop bc			;d38f	c1		.
	ld a,l			;d390	7d		}
	ld (lcb45h),a		;d391	32 45 cb	2 E .
	jp sub_cd78h		;d394	c3 78 cd	. x .
ld397h:
	ld c,0ffh		;d397	0e ff		. .
	call sub_d307h		;d399	cd 07 d3	. . .
	call z,sub_d1c5h	;d39c	cc c5 d1	. . .
	ret			;d39f	c9		.
ld3a0h:
	ld c,000h		;d3a0	0e 00		. .
	call sub_d307h		;d3a2	cd 07 d3	. . .
	call z,sub_d207h	;d3a5	cc 07 d2	. . .
	ret			;d3a8	c9		.
sub_d3a9h:
	ex de,hl		;d3a9	eb		.
	add hl,de		;d3aa	19		.
	ld c,(hl)		;d3ab	4e		N
	ld b,000h		;d3ac	06 00		. .
	ld hl,0000ch		;d3ae	21 0c 00	! . .
	add hl,de		;d3b1	19		.
	ld a,(hl)		;d3b2	7e		~
	rrca			;d3b3	0f		.
	and 080h		;d3b4	e6 80		. .
	add a,c			;d3b6	81		.
	ld c,a			;d3b7	4f		O
	ld a,000h		;d3b8	3e 00		> .
	adc a,b			;d3ba	88		.
	ld b,a			;d3bb	47		G
	ld a,(hl)		;d3bc	7e		~
	rrca			;d3bd	0f		.
	and 00fh		;d3be	e6 0f		. .
	add a,b			;d3c0	80		.
	ld b,a			;d3c1	47		G
	ld hl,0000eh		;d3c2	21 0e 00	! . .
	add hl,de		;d3c5	19		.
	ld a,(hl)		;d3c6	7e		~
	add a,a			;d3c7	87		.
	add a,a			;d3c8	87		.
	add a,a			;d3c9	87		.
	add a,a			;d3ca	87		.
	push af			;d3cb	f5		.
	add a,b			;d3cc	80		.
	ld b,a			;d3cd	47		G
	push af			;d3ce	f5		.
	pop hl			;d3cf	e1		.
	ld a,l			;d3d0	7d		}
	pop hl			;d3d1	e1		.
	or l			;d3d2	b5		.
	and 001h		;d3d3	e6 01		. .
	ret			;d3d5	c9		.
ld3d6h:
	ld c,00ch		;d3d6	0e 0c		. .
	call sub_cf1ch		;d3d8	cd 1c cf	. . .
	ld hl,(lcb43h)		;d3db	2a 43 cb	* C .
	ld de,00021h		;d3de	11 21 00	. ! .
	add hl,de		;d3e1	19		.
	push hl			;d3e2	e5		.
	ld (hl),d		;d3e3	72		r
	inc hl			;d3e4	23		#
	ld (hl),d		;d3e5	72		r
	inc hl			;d3e6	23		#
	ld (hl),d		;d3e7	72		r
ld3e8h:
	call sub_cdf5h		;d3e8	cd f5 cd	. . .
	jp z,ld410h		;d3eb	ca 10 d4	. . .
	call sub_cd5eh		;d3ee	cd 5e cd	. ^ .
	ld de,0000fh		;d3f1	11 0f 00	. . .
	call sub_d3a9h		;d3f4	cd a9 d3	. . .
	pop hl			;d3f7	e1		.
	push hl			;d3f8	e5		.
	ld e,a			;d3f9	5f		_
	ld a,c			;d3fa	79		y
	sub (hl)		;d3fb	96		.
	inc hl			;d3fc	23		#
	ld a,b			;d3fd	78		x
	sbc a,(hl)		;d3fe	9e		.
	inc hl			;d3ff	23		#
	ld a,e			;d400	7b		{
	sbc a,(hl)		;d401	9e		.
	jp c,ld40ah		;d402	da 0a d4	. . .
	ld (hl),e		;d405	73		s
	dec hl			;d406	2b		+
	ld (hl),b		;d407	70		p
	dec hl			;d408	2b		+
	ld (hl),c		;d409	71		q
ld40ah:
	call lcf31h		;d40a	cd 31 cf	. 1 .
	jp ld3e8h		;d40d	c3 e8 d3	. . .
ld410h:
	pop hl			;d410	e1		.
	ret			;d411	c9		.
	ld hl,(lcb43h)		;d412	2a 43 cb	* C .
	ld de,00020h		;d415	11 20 00	.   .
	call sub_d3a9h		;d418	cd a9 d3	. . .
	ld hl,00021h		;d41b	21 21 00	! ! .
	add hl,de		;d41e	19		.
	ld (hl),c		;d41f	71		q
	inc hl			;d420	23		#
	ld (hl),b		;d421	70		p
	inc hl			;d422	23		#
	ld (hl),a		;d423	77		w
	ret			;d424	c9		.
ld425h:
	ld hl,(ld5b3h)		;d425	2a b3 d5	* . .
	ld a,(lcb42h)		;d428	3a 42 cb	: B .
	ld c,a			;d42b	4f		O
	call sub_cceah		;d42c	cd ea cc	. . .
	push hl			;d42f	e5		.
	ex de,hl		;d430	eb		.
	call sub_cb59h		;d431	cd 59 cb	. Y .
	pop hl			;d434	e1		.
	call z,sub_cb47h	;d435	cc 47 cb	. G .
	ld a,l			;d438	7d		}
	rra			;d439	1f		.
	ret c			;d43a	d8		.
	ld hl,(ld5b3h)		;d43b	2a b3 d5	* . .
	ld c,l			;d43e	4d		M
	ld b,h			;d43f	44		D
	call sub_cd0bh		;d440	cd 0b cd	. . .
	ld (ld5b3h),hl		;d443	22 b3 d5	" . .
	jp lcea3h		;d446	c3 a3 ce	. . .
sub_d449h:
	ld a,(ld5dah)		;d449	3a da d5	: . .
	ld hl,lcb42h		;d44c	21 42 cb	! B .
	cp (hl)			;d44f	be		.
	ret z			;d450	c8		.
	ld (hl),a		;d451	77		w
	jp ld425h		;d452	c3 25 d4	. % .
sub_d455h:
	ld a,0ffh		;d455	3e ff		> .
	ld (ld5e2h),a		;d457	32 e2 d5	2 . .
	ld hl,(lcb43h)		;d45a	2a 43 cb	* C .
	ld a,(hl)		;d45d	7e		~
	and 01fh		;d45e	e6 1f		. .
	dec a			;d460	3d		=
	ld (ld5dah),a		;d461	32 da d5	2 . .
	cp 01eh			;d464	fe 1e		. .
	jp nc,ld479h		;d466	d2 79 d4	. y .
	ld a,(lcb42h)		;d469	3a 42 cb	: B .
	ld (ld5e3h),a		;d46c	32 e3 d5	2 . .
	ld a,(hl)		;d46f	7e		~
	ld (ld5e4h),a		;d470	32 e4 d5	2 . .
	and 0e0h		;d473	e6 e0		. .
	ld (hl),a		;d475	77		w
	call sub_d449h		;d476	cd 49 d4	. I .
ld479h:
	ld a,(lcb41h)		;d479	3a 41 cb	: A .
	ld hl,(lcb43h)		;d47c	2a 43 cb	* C .
	or (hl)			;d47f	b6		.
	ld (hl),a		;d480	77		w
	ret			;d481	c9		.
	ld a,0c0h		;d482	3e c0		> .
	jp lcb01h		;d484	c3 01 cb	. . .
sub_d487h:
	ld hl,00000h		;d487	21 00 00	! . .
	ld (ld5b1h),hl		;d48a	22 b1 d5	" . .
	ld (ld5b3h),hl		;d48d	22 b3 d5	" . .
	xor a			;d490	af		.
	ld (lcb42h),a		;d491	32 42 cb	2 B .
	ld hl,00080h		;d494	21 80 00	! . .
	ld (ld5b5h),hl		;d497	22 b5 d5	" . .
	call lcddah		;d49a	cd da cd	. . .
	jp ld425h		;d49d	c3 25 d4	. % .
sub_d4a0h:
	call sub_cd72h		;d4a0	cd 72 cd	. r .
	call sub_d455h		;d4a3	cd 55 d4	. U .
	jp sub_d055h		;d4a6	c3 55 d0	. U .
	call sub_d455h		;d4a9	cd 55 d4	. U .
	jp sub_d0a6h		;d4ac	c3 a6 d0	. . .
sub_d4afh:
	ld c,000h		;d4af	0e 00		. .
	ex de,hl		;d4b1	eb		.
	ld a,(hl)		;d4b2	7e		~
	cp 03fh			;d4b3	fe 3f		. ?
	jp z,ld4c6h		;d4b5	ca c6 d4	. . .
	call sub_cca6h		;d4b8	cd a6 cc	. . .
	ld a,(hl)		;d4bb	7e		~
	cp 03fh			;d4bc	fe 3f		. ?
	call nz,sub_cd72h	;d4be	c4 72 cd	. r .
	call sub_d455h		;d4c1	cd 55 d4	. U .
	ld c,00fh		;d4c4	0e 0f		. .
ld4c6h:
	call sub_cf1ch		;d4c6	cd 1c cf	. . .
	jp lcde9h		;d4c9	c3 e9 cd	. . .
	ld hl,(ld5ddh)		;d4cc	2a dd d5	* . .
	ld (lcb43h),hl		;d4cf	22 43 cb	" C .
	call sub_d455h		;d4d2	cd 55 d4	. U .
	call lcf31h		;d4d5	cd 31 cf	. 1 .
	jp lcde9h		;d4d8	c3 e9 cd	. . .
	call sub_d455h		;d4db	cd 55 d4	. U .
	call sub_cfa0h		;d4de	cd a0 cf	. . .
	jp lcf05h		;d4e1	c3 05 cf	. . .
sub_d4e4h:
	call sub_d455h		;d4e4	cd 55 d4	. U .
	jp ld1c0h		;d4e7	c3 c0 d1	. . .
	call sub_d455h		;d4ea	cd 55 d4	. U .
	jp ld202h		;d4ed	c3 02 d2	. . .
	call sub_cd72h		;d4f0	cd 72 cd	. r .
	call sub_d455h		;d4f3	cd 55 d4	. U .
	jp sub_d128h		;d4f6	c3 28 d1	. ( .
sub_d4f9h:
	call sub_d455h		;d4f9	cd 55 d4	. U .
	call sub_d01ah		;d4fc	cd 1a d0	. . .
	jp lcf05h		;d4ff	c3 05 cf	. . .
	ld hl,(ld5b3h)		;d502	2a b3 d5	* . .
	jp ld52dh		;d505	c3 2d d5	. - .
	ld a,(lcb42h)		;d508	3a 42 cb	: B .
	jp lcb01h		;d50b	c3 01 cb	. . .
	ex de,hl		;d50e	eb		.
	ld (ld5b5h),hl		;d50f	22 b5 d5	" . .
	jp lcddah		;d512	c3 da cd	. . .
	ld hl,(ld5c3h)		;d515	2a c3 d5	* . .
	jp ld52dh		;d518	c3 2d d5	. - .
sub_d51bh:
	ld hl,(ld5b1h)		;d51b	2a b1 d5	* . .
	jp ld52dh		;d51e	c3 2d d5	. - .
	call sub_d455h		;d521	cd 55 d4	. U .
	call sub_d03fh		;d524	cd 3f d0	. ? .
	jp lcf05h		;d527	c3 05 cf	. . .
	ld hl,(ld5bfh)		;d52a	2a bf d5	* . .
ld52dh:
	ld (lcb45h),hl		;d52d	22 45 cb	" E .
	ret			;d530	c9		.
	ld a,(ld5dah)		;d531	3a da d5	: . .
	cp 0ffh			;d534	fe ff		. .
	jp nz,ld53fh		;d536	c2 3f d5	. ? .
	ld a,(lcb41h)		;d539	3a 41 cb	: A .
	jp lcb01h		;d53c	c3 01 cb	. . .
ld53fh:
	and 01fh		;d53f	e6 1f		. .
	ld (lcb41h),a		;d541	32 41 cb	2 A .
	ret			;d544	c9		.
	call sub_d455h		;d545	cd 55 d4	. U .
	jp ld397h		;d548	c3 97 d3	. . .
	call sub_d455h		;d54b	cd 55 d4	. U .
	jp ld3a0h		;d54e	c3 a0 d3	. . .
	call sub_d455h		;d551	cd 55 d4	. U .
	jp ld3d6h		;d554	c3 d6 d3	. . .
sub_d557h:
	ld hl,(lcb43h)		;d557	2a 43 cb	* C .
	ld a,l			;d55a	7d		}
	cpl			;d55b	2f		/
	ld e,a			;d55c	5f		_
	ld a,h			;d55d	7c		|
	cpl			;d55e	2f		/
	ld hl,(ld5b3h)		;d55f	2a b3 d5	* . .
	and h			;d562	a4		.
	ld d,a			;d563	57		W
	ld a,l			;d564	7d		}
	and e			;d565	a3		.
	ld e,a			;d566	5f		_
	ld hl,(ld5b1h)		;d567	2a b1 d5	* . .
	ex de,hl		;d56a	eb		.
	ld (ld5b3h),hl		;d56b	22 b3 d5	" . .
	ld a,l			;d56e	7d		}
	and e			;d56f	a3		.
	ld l,a			;d570	6f		o
	ld a,h			;d571	7c		|
	and d			;d572	a2		.
	ld h,a			;d573	67		g
	ld (ld5b1h),hl		;d574	22 b1 d5	" . .
	ret			;d577	c9		.
ld578h:
	ld a,(ld5e2h)		;d578	3a e2 d5	: . .
	or a			;d57b	b7		.
	jp z,ld595h		;d57c	ca 95 d5	. . .
	ld hl,(lcb43h)		;d57f	2a 43 cb	* C .
	ld (hl),000h		;d582	36 00		6 .
	ld a,(ld5e4h)		;d584	3a e4 d5	: . .
	or a			;d587	b7		.
	jp z,ld595h		;d588	ca 95 d5	. . .
	ld (hl),a		;d58b	77		w
	ld a,(ld5e3h)		;d58c	3a e3 d5	: . .
	ld (ld5dah),a		;d58f	32 da d5	2 . .
	call sub_d449h		;d592	cd 49 d4	. I .
ld595h:
	ld hl,(lcb0fh)		;d595	2a 0f cb	* . .
	ld sp,hl		;d598	f9		.
	ld hl,(lcb45h)		;d599	2a 45 cb	* E .
	ld a,l			;d59c	7d		}
	ld b,h			;d59d	44		D
	ret			;d59e	c9		.
	call sub_d455h		;d59f	cd 55 d4	. U .
	ld a,002h		;d5a2	3e 02		> .
	ld (ld5d9h),a		;d5a4	32 d9 d5	2 . .
	ld c,000h		;d5a7	0e 00		. .
	call sub_d30bh		;d5a9	cd 0b d3	. . .
	call z,sub_d207h	;d5ac	cc 07 d2	. . .
	ret			;d5af	c9		.
ld5b0h:
	push hl			;d5b0	e5		.
ld5b1h:
	nop			;d5b1	00		.
	nop			;d5b2	00		.
ld5b3h:
	nop			;d5b3	00		.
	nop			;d5b4	00		.
ld5b5h:
	add a,b			;d5b5	80		.
	nop			;d5b6	00		.
ld5b7h:
	nop			;d5b7	00		.
	nop			;d5b8	00		.
ld5b9h:
	nop			;d5b9	00		.
	nop			;d5ba	00		.
ld5bbh:
	nop			;d5bb	00		.
	nop			;d5bc	00		.
ld5bdh:
	nop			;d5bd	00		.
	nop			;d5be	00		.
ld5bfh:
	nop			;d5bf	00		.
	nop			;d5c0	00		.
ld5c1h:
	nop			;d5c1	00		.
	nop			;d5c2	00		.
ld5c3h:
	nop			;d5c3	00		.
	nop			;d5c4	00		.
ld5c5h:
	nop			;d5c5	00		.
	nop			;d5c6	00		.
ld5c7h:
	nop			;d5c7	00		.
ld5c8h:
	nop			;d5c8	00		.
ld5c9h:
	nop			;d5c9	00		.
ld5cah:
	nop			;d5ca	00		.
	nop			;d5cb	00		.
ld5cch:
	nop			;d5cc	00		.
	nop			;d5cd	00		.
ld5ceh:
	nop			;d5ce	00		.
	nop			;d5cf	00		.
ld5d0h:
	nop			;d5d0	00		.
	nop			;d5d1	00		.
ld5d2h:
	nop			;d5d2	00		.
	nop			;d5d3	00		.
ld5d4h:
	nop			;d5d4	00		.
	nop			;d5d5	00		.
ld5d6h:
	nop			;d5d6	00		.
ld5d7h:
	nop			;d5d7	00		.
ld5d8h:
	nop			;d5d8	00		.
ld5d9h:
	nop			;d5d9	00		.
ld5dah:
	nop			;d5da	00		.
ld5dbh:
	nop			;d5db	00		.
ld5dch:
	nop			;d5dc	00		.
ld5ddh:
	nop			;d5dd	00		.
	nop			;d5de	00		.
	nop			;d5df	00		.
	nop			;d5e0	00		.
ld5e1h:
	nop			;d5e1	00		.
ld5e2h:
	nop			;d5e2	00		.
ld5e3h:
	nop			;d5e3	00		.
ld5e4h:
	nop			;d5e4	00		.
ld5e5h:
	nop			;d5e5	00		.
ld5e6h:
	nop			;d5e6	00		.
ld5e7h:
	nop			;d5e7	00		.
	nop			;d5e8	00		.
ld5e9h:
	nop			;d5e9	00		.
	nop			;d5ea	00		.
ld5ebh:
	nop			;d5eb	00		.
	nop			;d5ec	00		.
ld5edh:
	nop			;d5ed	00		.
ld5eeh:
	nop			;d5ee	00		.
ld5efh:
	nop			;d5ef	00		.
ld5f0h:
	nop			;d5f0	00		.
	nop			;d5f1	00		.
	nop			;d5f2	00		.
	nop			;d5f3	00		.
	nop			;d5f4	00		.
	nop			;d5f5	00		.
	nop			;d5f6	00		.
	nop			;d5f7	00		.
	nop			;d5f8	00		.
	nop			;d5f9	00		.
	nop			;d5fa	00		.
	nop			;d5fb	00		.
	nop			;d5fc	00		.
	nop			;d5fd	00		.
	nop			;d5fe	00		.
	nop			;d5ff	00		.
	jp ldc49h		;d600	c3 49 dc	. I .
ld603h:
	jp ld862h		;d603	c3 62 d8	. b .
sub_d606h:
	jp 0e04eh		;d606	c3 4e e0	. N .
sub_d609h:
	jp ld99ah		;d609	c3 9a d9	. . .
sub_d60ch:
	jp 0e00ch		;d60c	c3 0c e0	. . .
sub_d60fh:
	jp ld8f3h		;d60f	c3 f3 d8	. . .
	jp ld98ah		;d612	c3 8a d9	. . .
sub_d615h:
	jp ld98fh		;d615	c3 8f d9	. . .
sub_d618h:
	jp ld9b5h		;d618	c3 b5 d9	. . .
sub_d61bh:
	jp ld9cah		;d61b	c3 ca d9	. . .
sub_d61eh:
	jp ld9b8h		;d61e	c3 b8 d9	. . .
ld621h:
	jp ld9bdh		;d621	c3 bd d9	. . .
ld624h:
	jp ld9c2h		;d624	c3 c2 d9	. . .
sub_d627h:
	jp ld9ffh		;d627	c3 ff d9	. . .
sub_d62ah:
	jp lda24h		;d62a	c3 24 da	. $ .
	jp ld96ch		;d62d	c3 6c d9	. l .
sub_d630h:
	jp ld9c7h		;d630	c3 c7 d9	. . .
	dec e			;d633	1d		.
	jp ld86eh		;d634	c3 6e d8	. n .
	jp 0e03ch		;d637	c3 3c e0	. < .
	jp 0e03fh		;d63a	c3 3f e0	. ? .
	jp 0e042h		;d63d	c3 42 e0	. B .
ld640h:
	nop			;d640	00		.
ld641h:
	nop			;d641	00		.
	ld l,e			;d642	6b		k
	ld d,b			;d643	50		P
	ld d,a			;d644	57		W
	scf			;d645	37		7
	dec de			;d646	1b		.
	dec b			;d647	05		.
	jr ld664h		;d648	18 1a		. .
	ld c,b			;d64a	48		H
	ld a,(bc)		;d64b	0a		.
	ld hl,(0200ah)		;d64c	2a 0a 20	* .  
	nop			;d64f	00		.
	nop			;d650	00		.
ld651h:
	nop			;d651	00		.
	nop			;d652	00		.
	nop			;d653	00		.
	nop			;d654	00		.
	nop			;d655	00		.
	nop			;d656	00		.
	nop			;d657	00		.
	nop			;d658	00		.
	nop			;d659	00		.
	nop			;d65a	00		.
	nop			;d65b	00		.
	nop			;d65c	00		.
	nop			;d65d	00		.
	nop			;d65e	00		.
	nop			;d65f	00		.
	nop			;d660	00		.
	nop			;d661	00		.
	nop			;d662	00		.
	nop			;d663	00		.
ld664h:
	nop			;d664	00		.
	nop			;d665	00		.
	nop			;d666	00		.
	nop			;d667	00		.
	nop			;d668	00		.
	nop			;d669	00		.
	nop			;d66a	00		.
	nop			;d66b	00		.
	nop			;d66c	00		.
	nop			;d66d	00		.
	nop			;d66e	00		.
	nop			;d66f	00		.
	nop			;d670	00		.
	nop			;d671	00		.
	nop			;d672	00		.
	nop			;d673	00		.
	nop			;d674	00		.
	nop			;d675	00		.
	nop			;d676	00		.
	nop			;d677	00		.
	nop			;d678	00		.
	nop			;d679	00		.
	nop			;d67a	00		.
	nop			;d67b	00		.
	nop			;d67c	00		.
	nop			;d67d	00		.
	nop			;d67e	00		.
	nop			;d67f	00		.
	nop			;d680	00		.
	nop			;d681	00		.
ld682h:
	add a,(hl)		;d682	86		.
	sub 07eh		;d683	d6 7e		. ~
ld685h:
	nop			;d685	00		.
ld686h:
	nop			;d686	00		.
	nop			;d687	00		.
	nop			;d688	00		.
	nop			;d689	00		.
	nop			;d68a	00		.
	nop			;d68b	00		.
	nop			;d68c	00		.
	nop			;d68d	00		.
	nop			;d68e	00		.
	nop			;d68f	00		.
	nop			;d690	00		.
	nop			;d691	00		.
	nop			;d692	00		.
	nop			;d693	00		.
	nop			;d694	00		.
	nop			;d695	00		.
	nop			;d696	00		.
	nop			;d697	00		.
	nop			;d698	00		.
	nop			;d699	00		.
	nop			;d69a	00		.
	nop			;d69b	00		.
	nop			;d69c	00		.
	nop			;d69d	00		.
	nop			;d69e	00		.
	nop			;d69f	00		.
	nop			;d6a0	00		.
	nop			;d6a1	00		.
	nop			;d6a2	00		.
	nop			;d6a3	00		.
	nop			;d6a4	00		.
	nop			;d6a5	00		.
	nop			;d6a6	00		.
	nop			;d6a7	00		.
	nop			;d6a8	00		.
	nop			;d6a9	00		.
	nop			;d6aa	00		.
	nop			;d6ab	00		.
	nop			;d6ac	00		.
	nop			;d6ad	00		.
	nop			;d6ae	00		.
	nop			;d6af	00		.
	nop			;d6b0	00		.
	nop			;d6b1	00		.
	nop			;d6b2	00		.
	nop			;d6b3	00		.
	nop			;d6b4	00		.
	nop			;d6b5	00		.
	nop			;d6b6	00		.
	nop			;d6b7	00		.
	nop			;d6b8	00		.
	nop			;d6b9	00		.
	nop			;d6ba	00		.
	nop			;d6bb	00		.
	nop			;d6bc	00		.
	nop			;d6bd	00		.
	nop			;d6be	00		.
	nop			;d6bf	00		.
	nop			;d6c0	00		.
	nop			;d6c1	00		.
	nop			;d6c2	00		.
	nop			;d6c3	00		.
	nop			;d6c4	00		.
	nop			;d6c5	00		.
	nop			;d6c6	00		.
	nop			;d6c7	00		.
	nop			;d6c8	00		.
	nop			;d6c9	00		.
	nop			;d6ca	00		.
	nop			;d6cb	00		.
	nop			;d6cc	00		.
	nop			;d6cd	00		.
	nop			;d6ce	00		.
	nop			;d6cf	00		.
	nop			;d6d0	00		.
	nop			;d6d1	00		.
	nop			;d6d2	00		.
	nop			;d6d3	00		.
	nop			;d6d4	00		.
	nop			;d6d5	00		.
	nop			;d6d6	00		.
	nop			;d6d7	00		.
	nop			;d6d8	00		.
	nop			;d6d9	00		.
	nop			;d6da	00		.
	nop			;d6db	00		.
	nop			;d6dc	00		.
	nop			;d6dd	00		.
	nop			;d6de	00		.
	nop			;d6df	00		.
	nop			;d6e0	00		.
	nop			;d6e1	00		.
	nop			;d6e2	00		.
	nop			;d6e3	00		.
	nop			;d6e4	00		.
	nop			;d6e5	00		.
	nop			;d6e6	00		.
	nop			;d6e7	00		.
	nop			;d6e8	00		.
	nop			;d6e9	00		.
	nop			;d6ea	00		.
	nop			;d6eb	00		.
	nop			;d6ec	00		.
	nop			;d6ed	00		.
	nop			;d6ee	00		.
	nop			;d6ef	00		.
	nop			;d6f0	00		.
	nop			;d6f1	00		.
	nop			;d6f2	00		.
	nop			;d6f3	00		.
	nop			;d6f4	00		.
	nop			;d6f5	00		.
	nop			;d6f6	00		.
	nop			;d6f7	00		.
	nop			;d6f8	00		.
	nop			;d6f9	00		.
	nop			;d6fa	00		.
	nop			;d6fb	00		.
	nop			;d6fc	00		.
	nop			;d6fd	00		.
	nop			;d6fe	00		.
	nop			;d6ff	00		.
	nop			;d700	00		.
	nop			;d701	00		.
	nop			;d702	00		.
	nop			;d703	00		.
	nop			;d704	00		.
	nop			;d705	00		.
	nop			;d706	00		.
	nop			;d707	00		.
	nop			;d708	00		.
	nop			;d709	00		.
	nop			;d70a	00		.
	nop			;d70b	00		.
	nop			;d70c	00		.
	nop			;d70d	00		.
	nop			;d70e	00		.
	nop			;d70f	00		.
	nop			;d710	00		.
	nop			;d711	00		.
	nop			;d712	00		.
	nop			;d713	00		.
	nop			;d714	00		.
	nop			;d715	00		.
	nop			;d716	00		.
	nop			;d717	00		.
	nop			;d718	00		.
	nop			;d719	00		.
	nop			;d71a	00		.
	nop			;d71b	00		.
	nop			;d71c	00		.
	nop			;d71d	00		.
	nop			;d71e	00		.
	nop			;d71f	00		.
	nop			;d720	00		.
	nop			;d721	00		.
	nop			;d722	00		.
	nop			;d723	00		.
	nop			;d724	00		.
	nop			;d725	00		.
	nop			;d726	00		.
	nop			;d727	00		.
	nop			;d728	00		.
	nop			;d729	00		.
	nop			;d72a	00		.
	nop			;d72b	00		.
	nop			;d72c	00		.
	nop			;d72d	00		.
	nop			;d72e	00		.
	nop			;d72f	00		.
	nop			;d730	00		.
	nop			;d731	00		.
	nop			;d732	00		.
	nop			;d733	00		.
	nop			;d734	00		.
	nop			;d735	00		.
	nop			;d736	00		.
	nop			;d737	00		.
	nop			;d738	00		.
	nop			;d739	00		.
	nop			;d73a	00		.
	nop			;d73b	00		.
	nop			;d73c	00		.
	nop			;d73d	00		.
	nop			;d73e	00		.
	nop			;d73f	00		.
	nop			;d740	00		.
	nop			;d741	00		.
	nop			;d742	00		.
	nop			;d743	00		.
	nop			;d744	00		.
	nop			;d745	00		.
	nop			;d746	00		.
	nop			;d747	00		.
	nop			;d748	00		.
	nop			;d749	00		.
	nop			;d74a	00		.
	nop			;d74b	00		.
	nop			;d74c	00		.
	nop			;d74d	00		.
	nop			;d74e	00		.
	nop			;d74f	00		.
	nop			;d750	00		.
	nop			;d751	00		.
	nop			;d752	00		.
	nop			;d753	00		.
	nop			;d754	00		.
	nop			;d755	00		.
	nop			;d756	00		.
	nop			;d757	00		.
	nop			;d758	00		.
	nop			;d759	00		.
	nop			;d75a	00		.
	nop			;d75b	00		.
	nop			;d75c	00		.
	nop			;d75d	00		.
	nop			;d75e	00		.
	nop			;d75f	00		.
	nop			;d760	00		.
	nop			;d761	00		.
	nop			;d762	00		.
	nop			;d763	00		.
	nop			;d764	00		.
	nop			;d765	00		.
	nop			;d766	00		.
	nop			;d767	00		.
	nop			;d768	00		.
	nop			;d769	00		.
	nop			;d76a	00		.
	nop			;d76b	00		.
	nop			;d76c	00		.
	nop			;d76d	00		.
	nop			;d76e	00		.
	nop			;d76f	00		.
	ld bc,00f04h		;d770	01 04 0f	. . .
	nop			;d773	00		.
	rrca			;d774	0f		.
	nop			;d775	00		.
	rst 28h			;d776	ef		.
	nop			;d777	00		.
	ret p			;d778	f0		.
	nop			;d779	00		.
	nop			;d77a	00		.
	nop			;d77b	00		.
	nop			;d77c	00		.
	nop			;d77d	00		.
	nop			;d77e	00		.
	ld bc,00f04h		;d77f	01 04 0f	. . .
	nop			;d782	00		.
	rrca			;d783	0f		.
	nop			;d784	00		.
	rst 28h			;d785	ef		.
	nop			;d786	00		.
	ret p			;d787	f0		.
	nop			;d788	00		.
	nop			;d789	00		.
	nop			;d78a	00		.
	nop			;d78b	00		.
	nop			;d78c	00		.
ld78dh:
	nop			;d78d	00		.
	nop			;d78e	00		.
	nop			;d78f	00		.
	nop			;d790	00		.
	nop			;d791	00		.
	nop			;d792	00		.
	nop			;d793	00		.
	nop			;d794	00		.
	call c,006dch		;d795	dc dc 06	. . .
	rst 10h			;d798	d7		.
	nop			;d799	00		.
	nop			;d79a	00		.
	ld l,(hl)		;d79b	6e		n
	defb 0ddh,000h,000h ;illegal sequence	;d79c	dd 00 00	. . .
	nop			;d79f	00		.
	nop			;d7a0	00		.
	nop			;d7a1	00		.
	nop			;d7a2	00		.
	nop			;d7a3	00		.
	nop			;d7a4	00		.
	call c,015dch		;d7a5	dc dc 15	. . .
	rst 10h			;d7a8	d7		.
	nop			;d7a9	00		.
	nop			;d7aa	00		.
	ld l,(hl)		;d7ab	6e		n
	defb 0ddh,000h,000h ;illegal sequence	;d7ac	dd 00 00	. . .
	nop			;d7af	00		.
	nop			;d7b0	00		.
	nop			;d7b1	00		.
	nop			;d7b2	00		.
	nop			;d7b3	00		.
	nop			;d7b4	00		.
	call c,024dch		;d7b5	dc dc 24	. . $
	rst 10h			;d7b8	d7		.
	nop			;d7b9	00		.
	nop			;d7ba	00		.
	ld l,(hl)		;d7bb	6e		n
	defb 0ddh,000h,000h ;illegal sequence	;d7bc	dd 00 00	. . .
	nop			;d7bf	00		.
	nop			;d7c0	00		.
	nop			;d7c1	00		.
	nop			;d7c2	00		.
	nop			;d7c3	00		.
	nop			;d7c4	00		.
	call c,033dch		;d7c5	dc dc 33	. . 3
	rst 10h			;d7c8	d7		.
	nop			;d7c9	00		.
	nop			;d7ca	00		.
	ld l,(hl)		;d7cb	6e		n
	defb 0ddh,000h,000h ;illegal sequence	;d7cc	dd 00 00	. . .
	nop			;d7cf	00		.
	nop			;d7d0	00		.
	nop			;d7d1	00		.
	nop			;d7d2	00		.
	nop			;d7d3	00		.
	nop			;d7d4	00		.
	call c,042dch		;d7d5	dc dc 42	. . B
	rst 10h			;d7d8	d7		.
	nop			;d7d9	00		.
	nop			;d7da	00		.
	ld c,c			;d7db	49		I
	call c,00000h		;d7dc	dc 00 00	. . .
	nop			;d7df	00		.
	nop			;d7e0	00		.
	nop			;d7e1	00		.
	nop			;d7e2	00		.
	nop			;d7e3	00		.
	nop			;d7e4	00		.
	call c,051dch		;d7e5	dc dc 51	. . Q
	rst 10h			;d7e8	d7		.
	nop			;d7e9	00		.
	nop			;d7ea	00		.
	ld h,d			;d7eb	62		b
	call c,00000h		;d7ec	dc 00 00	. . .
	nop			;d7ef	00		.
	nop			;d7f0	00		.
	nop			;d7f1	00		.
	nop			;d7f2	00		.
	nop			;d7f3	00		.
	nop			;d7f4	00		.
	call c,060dch		;d7f5	dc dc 60	. . `
	rst 10h			;d7f8	d7		.
	nop			;d7f9	00		.
	nop			;d7fa	00		.
	ld a,e			;d7fb	7b		{
	call c,00000h		;d7fc	dc 00 00	. . .
	nop			;d7ff	00		.
	nop			;d800	00		.
	nop			;d801	00		.
	nop			;d802	00		.
	nop			;d803	00		.
	nop			;d804	00		.
	call c,07edch		;d805	dc dc 7e	. . ~
	rst 10h			;d808	d7		.
	nop			;d809	00		.
	nop			;d80a	00		.
	sub h			;d80b	94		.
	call c,00000h		;d80c	dc 00 00	. . .
	nop			;d80f	00		.
	nop			;d810	00		.
	nop			;d811	00		.
	nop			;d812	00		.
	nop			;d813	00		.
	nop			;d814	00		.
	call c,06fdch		;d815	dc dc 6f	. . o
	rst 10h			;d818	d7		.
	nop			;d819	00		.
	nop			;d81a	00		.
	rst 8			;d81b	cf		.
	sbc a,024h		;d81c	de 24		. $
	inc h			;d81e	24		$
	ld bc,00000h		;d81f	01 00 00	. . .
	nop			;d822	00		.
	nop			;d823	00		.
	nop			;d824	00		.
	nop			;d825	00		.
	nop			;d826	00		.
	nop			;d827	00		.
	nop			;d828	00		.
	nop			;d829	00		.
	nop			;d82a	00		.
	nop			;d82b	00		.
	nop			;d82c	00		.
ld82dh:
	nop			;d82d	00		.
	nop			;d82e	00		.
	nop			;d82f	00		.
	nop			;d830	00		.
	nop			;d831	00		.
	nop			;d832	00		.
	nop			;d833	00		.
	nop			;d834	00		.
	nop			;d835	00		.
	nop			;d836	00		.
	nop			;d837	00		.
	nop			;d838	00		.
	nop			;d839	00		.
	nop			;d83a	00		.
	nop			;d83b	00		.
	nop			;d83c	00		.
	nop			;d83d	00		.
	nop			;d83e	00		.
	nop			;d83f	00		.
	nop			;d840	00		.
	nop			;d841	00		.
	nop			;d842	00		.
	nop			;d843	00		.
	nop			;d844	00		.
	nop			;d845	00		.
	nop			;d846	00		.
	nop			;d847	00		.
	nop			;d848	00		.
	nop			;d849	00		.
	nop			;d84a	00		.
	nop			;d84b	00		.
	nop			;d84c	00		.
	nop			;d84d	00		.
	nop			;d84e	00		.
	nop			;d84f	00		.
	nop			;d850	00		.
	nop			;d851	00		.
ld852h:
	ld (bc),a		;d852	02		.
ld853h:
	ld bc,04000h		;d853	01 00 40	. . @
ld856h:
	ex af,af'		;d856	08		.
	ld bc,02824h		;d857	01 24 28	. $ (
	inc b			;d85a	04		.
	nop			;d85b	00		.
	nop			;d85c	00		.
	nop			;d85d	00		.
	nop			;d85e	00		.
	nop			;d85f	00		.
	nop			;d860	00		.
ld861h:
	nop			;d861	00		.
ld862h:
	ld sp,ld682h		;d862	31 82 d6	1 . .
	ei			;d865	fb		.
	call sub_db60h		;d866	cd 60 db	. ` .
	ld a,002h		;d869	3e 02		> .
	jp 0e039h		;d86b	c3 39 e0	. 9 .
ld86eh:
	call sub_db6ch		;d86e	cd 6c db	. l .
	ld hl,(ld682h)		;d871	2a 82 d6	* . .
	ld a,(hl)		;d874	7e		~
	or a			;d875	b7		.
	jr nz,ld887h		;d876	20 0f		  .
	ld hl,ld82dh		;d878	21 2d d8	! - .
	ld de,ld686h		;d87b	11 86 d6	. . .
	ld (ld682h),de		;d87e	ed 53 82 d6	. S . .
	ld bc,00012h		;d882	01 12 00	. . .
	ldir			;d885	ed b0		. .
ld887h:
	ld sp,ld682h		;d887	31 82 d6	1 . .
	ld hl,ld651h		;d88a	21 51 d6	! Q .
	call 0e024h		;d88d	cd 24 e0	. $ .
	ld hl,0f800h		;d890	21 00 f8	! . .
	ld a,040h		;d893	3e 40		> @
	ld (hl),a		;d895	77		w
	out (008h),a		;d896	d3 08		. .
	xor a			;d898	af		.
	ld (hl),a		;d899	77		w
	out (008h),a		;d89a	d3 08		. .
	ld a,(hl)		;d89c	7e		~
	or a			;d89d	b7		.
	jr z,ld8b1h		;d89e	28 11		( .
	out (008h),a		;d8a0	d3 08		. .
	ld hl,0f800h		;d8a2	21 00 f8	! . .
ld8a5h:
	ld a,(ld852h)		;d8a5	3a 52 d8	: R .
	ld (hl),a		;d8a8	77		w
	inc hl			;d8a9	23		#
	bit 7,h			;d8aa	cb 7c		. |
	jr nz,ld8a5h		;d8ac	20 f7		  .
	xor a			;d8ae	af		.
	out (008h),a		;d8af	d3 08		. .
ld8b1h:
	call 0e02ah		;d8b1	cd 2a e0	. * .
	ld a,0c3h		;d8b4	3e c3		> .
	ld (00000h),a		;d8b6	32 00 00	2 . .
	ld hl,ld603h		;d8b9	21 03 d6	! . .
	ld (00001h),hl		;d8bc	22 01 00	" . .
	ld (00005h),a		;d8bf	32 05 00	2 . .
	ld hl,lc806h		;d8c2	21 06 c8	! . .
	ld (00006h),hl		;d8c5	22 06 00	" . .
	ld (00028h),a		;d8c8	32 28 00	2 ( .
	ld hl,ldafah		;d8cb	21 fa da	! . .
	ld (00029h),hl		;d8ce	22 29 00	" ) .
	ld hl,ld856h		;d8d1	21 56 d8	! V .
	ld de,ldf71h		;d8d4	11 71 df	. q .
	ld bc,00005h		;d8d7	01 05 00	. . .
	ldir			;d8da	ed b0		. .
	ld bc,00080h		;d8dc	01 80 00	. . .
	ld (ldcdah),bc		;d8df	ed 43 da dc	. C . .
	ld hl,ldb8bh		;d8e3	21 8b db	! . .
	ld (lc80dh),hl		;d8e6	22 0d c8	" . .
	ei			;d8e9	fb		.
	ld a,(00004h)		;d8ea	3a 04 00	: . .
	and 00fh		;d8ed	e6 0f		. .
	ld c,a			;d8ef	4f		O
	jp lc000h		;d8f0	c3 00 c0	. . .
ld8f3h:
	ld a,(ld853h)		;d8f3	3a 53 d8	: S .
	or a			;d8f6	b7		.
	jr z,ld935h		;d8f7	28 3c		( <
	ld a,(ldc47h)		;d8f9	3a 47 dc	: G .
	push af			;d8fc	f5		.
	call sub_db56h		;d8fd	cd 56 db	. V .
	ld hl,ld861h		;d900	21 61 d8	! a .
	ld a,(hl)		;d903	7e		~
	inc (hl)		;d904	34		4
	ld hl,0fa00h		;d905	21 00 fa	! . .
	add a,l			;d908	85		.
	ld l,a			;d909	6f		o
	jr nc,ld90dh		;d90a	30 01		0 .
	inc h			;d90c	24		$
ld90dh:
	ld (hl),c		;d90d	71		q
	ld a,(ld861h)		;d90e	3a 61 d8	: a .
	cp 07eh			;d911	fe 7e		. ~
	jr nz,ld92ch		;d913	20 17		  .
	ld hl,0fa00h		;d915	21 00 fa	! . .
	ld de,0fb0fh		;d918	11 0f fb	. . .
	ld bc,0007eh		;d91b	01 7e 00	. ~ .
	ldir			;d91e	ed b0		. .
	ld de,0fb8fh		;d920	11 8f fb	. . .
	ld a,007h		;d923	3e 07		> .
	call sub_da6dh		;d925	cd 6d da	. m .
	xor a			;d928	af		.
	ld (ld861h),a		;d929	32 61 d8	2 a .
ld92ch:
	pop af			;d92c	f1		.
	di			;d92d	f3		.
	out (050h),a		;d92e	d3 50		. P
	ld (ldc47h),a		;d930	32 47 dc	2 G .
	ei			;d933	fb		.
	ret			;d934	c9		.
ld935h:
	ld hl,ld853h+2		;d935	21 55 d8	! U .
	bit 7,(hl)		;d938	cb 7e		. ~
	jr z,ld940h		;d93a	28 04		( .
	ld a,c			;d93c	79		y
	cp 00ah			;d93d	fe 0a		. .
	ret z			;d93f	c8		.
ld940h:
	call sub_d961h		;d940	cd 61 d9	. a .
	bit 6,(hl)		;d943	cb 76		. v
	jp z,0e04bh		;d945	ca 4b e0	. K .
ld948h:
	call sub_d955h		;d948	cd 55 d9	. U .
	ld a,(ldc48h)		;d94b	3a 48 dc	: H .
	or a			;d94e	b7		.
	jr nz,ld948h		;d94f	20 f7		  .
ld951h:
	ld a,c			;d951	79		y
	jp 0e04bh		;d952	c3 4b e0	. K .
sub_d955h:
	call 0e030h		;d955	cd 30 e0	. 0 .
	ret nz			;d958	c0		.
	and 07fh		;d959	e6 7f		. .
	sub 011h		;d95b	d6 11		. .
	ld (ldc48h),a		;d95d	32 48 dc	2 H .
	ret			;d960	c9		.
sub_d961h:
	bit 0,(hl)		;d961	cb 46		. F
	push af			;d963	f5		.
	call nz,0e045h		;d964	c4 45 e0	. E .
	pop af			;d967	f1		.
	call z,0e048h		;d968	cc 48 e0	. H .
	ret			;d96b	c9		.
ld96ch:
	ld a,(ld853h)		;d96c	3a 53 d8	: S .
	or a			;d96f	b7		.
	ld a,0ffh		;d970	3e ff		> .
	ret nz			;d972	c0		.
	ld hl,ld853h+2		;d973	21 55 d8	! U .
	call sub_d961h		;d976	cd 61 d9	. a .
	bit 6,(hl)		;d979	cb 76		. v
	jp z,0e054h		;d97b	ca 54 e0	. T .
	call sub_d955h		;d97e	cd 55 d9	. U .
	ld a,(ldc48h)		;d981	3a 48 dc	: H .
	or a			;d984	b7		.
	ld a,0ffh		;d985	3e ff		> .
	ret z			;d987	c8		.
	inc a			;d988	3c		<
	ret			;d989	c9		.
ld98ah:
	call 0e048h		;d98a	cd 48 e0	. H .
	jr ld951h		;d98d	18 c2		. .
ld98fh:
	call 0e048h		;d98f	cd 48 e0	. H .
ld992h:
	call 0e030h		;d992	cd 30 e0	. 0 .
	jr nz,ld992h		;d995	20 fb		  .
	and 07fh		;d997	e6 7f		. .
	ret			;d999	c9		.
ld99ah:
	call 0e006h		;d99a	cd 06 e0	. . .
	and 07fh		;d99d	e6 7f		. .
	cp 01eh			;d99f	fe 1e		. .
	ret nz			;d9a1	c0		.
	call sub_db56h		;d9a2	cd 56 db	. V .
	ld a,(0f800h)		;d9a5	3a 00 f8	: . .
	cp 0aah			;d9a8	fe aa		. .
	call nz,0f800h		;d9aa	c4 00 f8	. . .
	call sub_db6ch		;d9ad	cd 6c db	. l .
	jr nz,ld99ah		;d9b0	20 e8		  .
	ld a,01eh		;d9b2	3e 1e		> .
	ret			;d9b4	c9		.
ld9b5h:
	ld bc,00000h		;d9b5	01 00 00	. . .
ld9b8h:
	ld (ldcd6h),bc		;d9b8	ed 43 d6 dc	. C . .
	ret			;d9bc	c9		.
ld9bdh:
	ld a,c			;d9bd	79		y
	ld (ldcd8h),a		;d9be	32 d8 dc	2 . .
	ret			;d9c1	c9		.
ld9c2h:
	ld (ldcdah),bc		;d9c2	ed 43 da dc	. C . .
	ret			;d9c6	c9		.
ld9c7h:
	ld h,b			;d9c7	60		`
	ld l,c			;d9c8	69		i
	ret			;d9c9	c9		.
ld9cah:
	ld a,c			;d9ca	79		y
	cp 00dh			;d9cb	fe 0d		. .
	jr c,ld9e7h		;d9cd	38 18		8 .
	ld hl,ld641h		;d9cf	21 41 d6	! A .
	ld c,007h		;d9d2	0e 07		. .
	cp 00eh			;d9d4	fe 0e		. .
	jr z,ld9dfh		;d9d6	28 07		( .
	bit 0,(hl)		;d9d8	cb 46		. F
	jr nz,ld9f0h		;d9da	20 14		  .
	jp ldb96h		;d9dc	c3 96 db	. . .
ld9dfh:
	inc c			;d9df	0c		.
	bit 1,(hl)		;d9e0	cb 4e		. N
	jr nz,ld9f0h		;d9e2	20 0c		  .
	jp ldb96h		;d9e4	c3 96 db	. . .
ld9e7h:
	ld a,(ld640h)		;d9e7	3a 40 d6	: @ .
	dec a			;d9ea	3d		=
	cp c			;d9eb	b9		.
	ld a,c			;d9ec	79		y
	jp c,ldb9eh		;d9ed	da 9e db	. . .
ld9f0h:
	ld (ldcd5h),a		;d9f0	32 d5 dc	2 . .
	ld h,000h		;d9f3	26 00		& .
	ld l,c			;d9f5	69		i
	add hl,hl		;d9f6	29		)
	add hl,hl		;d9f7	29		)
	add hl,hl		;d9f8	29		)
	add hl,hl		;d9f9	29		)
	ld de,ld78dh		;d9fa	11 8d d7	. . .
	add hl,de		;d9fd	19		.
	ret			;d9fe	c9		.
ld9ffh:
	call sub_db60h		;d9ff	cd 60 db	. ` .
	ld a,003h		;da02	3e 03		> .
	ld de,0fb0fh		;da04	11 0f fb	. . .
	call sub_da6dh		;da07	cd 6d da	. m .
	jr nz,lda21h		;da0a	20 15		  .
	or a			;da0c	b7		.
	ld a,0ffh		;da0d	3e ff		> .
	jr nz,lda21h		;da0f	20 10		  .
	ld hl,(ldcdah)		;da11	2a da dc	* . .
	call sub_db49h		;da14	cd 49 db	. I .
	ex de,hl		;da17	eb		.
	ld hl,0fa87h		;da18	21 87 fa	! . .
	ld bc,00080h		;da1b	01 80 00	. . .
	ldir			;da1e	ed b0		. .
	xor a			;da20	af		.
lda21h:
	jp sub_db6ch		;da21	c3 6c db	. l .
lda24h:
	call sub_db60h		;da24	cd 60 db	. ` .
	ld a,c			;da27	79		y
lda28h:
	push af			;da28	f5		.
	ld (0fb0ah),a		;da29	32 0a fb	2 . .
	call sub_da57h		;da2c	cd 57 da	. W .
	jr nz,lda52h		;da2f	20 21		  !
	or a			;da31	b7		.
	jr nz,lda38h		;da32	20 04		  .
	pop af			;da34	f1		.
	xor a			;da35	af		.
	jr lda21h		;da36	18 e9		. .
lda38h:
	cp 0e5h			;da38	fe e5		. .
	jp nz,ldb8bh		;da3a	c2 8b db	. . .
	call sub_dab8h		;da3d	cd b8 da	. . .
	ld a,009h		;da40	3e 09		> .
	ld de,0fb0fh		;da42	11 0f fb	. . .
	call sub_da6dh		;da45	cd 6d da	. m .
	jp nz,ldb8bh		;da48	c2 8b db	. . .
	or a			;da4b	b7		.
	jp nz,ldb8bh		;da4c	c2 8b db	. . .
	pop af			;da4f	f1		.
	jr lda28h		;da50	18 d6		. .
lda52h:
	pop af			;da52	f1		.
	or 0ffh			;da53	f6 ff		. .
	jr lda21h		;da55	18 ca		. .
sub_da57h:
	ld hl,(ldcdah)		;da57	2a da dc	* . .
	call sub_db49h		;da5a	cd 49 db	. I .
	ld de,0fb0fh		;da5d	11 0f fb	. . .
	ld bc,00080h		;da60	01 80 00	. . .
	ldir			;da63	ed b0		. .
	call sub_db60h		;da65	cd 60 db	. ` .
	ld a,004h		;da68	3e 04		> .
	ld de,0fb8fh		;da6a	11 8f fb	. . .
sub_da6dh:
	ld b,064h		;da6d	06 64		. d
lda6fh:
	push af			;da6f	f5		.
	push bc			;da70	c5		.
	ld (0fb08h),a		;da71	32 08 fb	2 . .
	ld a,(ldcd5h)		;da74	3a d5 dc	: . .
	ld (0fb09h),a		;da77	32 09 fb	2 . .
	ld hl,(ldcd6h)		;da7a	2a d6 dc	* . .
	ld (0fb0bh),hl		;da7d	22 0b fb	" . .
	ld hl,(ldcd8h)		;da80	2a d8 dc	* . .
	ld (0fb0dh),hl		;da83	22 0d fb	" . .
	ex de,hl		;da86	eb		.
	ld de,0fb08h		;da87	11 08 fb	. . .
	call 0e042h		;da8a	cd 42 e0	. B .
	ld hl,0fa80h		;da8d	21 80 fa	! . .
	push hl			;da90	e5		.
	call 0e03fh		;da91	cd 3f e0	. ? .
	pop de			;da94	d1		.
	call 0e03ch		;da95	cd 3c e0	. < .
	pop bc			;da98	c1		.
	jr z,ldaabh		;da99	28 10		( .
lda9bh:
	push bc			;da9b	c5		.
	ld bc,00514h		;da9c	01 14 05	. . .
lda9fh:
	dec bc			;da9f	0b		.
	ld a,b			;daa0	78		x
	or c			;daa1	b1		.
	jr nz,lda9fh		;daa2	20 fb		  .
	pop bc			;daa4	c1		.
	pop af			;daa5	f1		.
	djnz lda6fh		;daa6	10 c7		. .
	or 0ffh			;daa8	f6 ff		. .
	ret			;daaa	c9		.
ldaabh:
	ld a,(0fa80h)		;daab	3a 80 fa	: . .
	cp 0ffh			;daae	fe ff		. .
	jr z,lda9bh		;dab0	28 e9		( .
	pop af			;dab2	f1		.
	xor a			;dab3	af		.
	ld a,(0fa80h)		;dab4	3a 80 fa	: . .
	ret			;dab7	c9		.
sub_dab8h:
	call sub_db6ch		;dab8	cd 6c db	. l .
	ld c,007h		;dabb	0e 07		. .
	call 0e00ch		;dabd	cd 0c e0	. . .
	ld hl,0f000h		;dac0	21 00 f0	! . .
	push hl			;dac3	e5		.
	ld de,0f780h		;dac4	11 80 f7	. . .
	ld bc,00050h		;dac7	01 50 00	. P .
	ldir			;daca	ed b0		. .
	pop de			;dacc	d1		.
	ld hl,ldc1ah		;dacd	21 1a dc	! . .
ldad0h:
	ld a,(hl)		;dad0	7e		~
	bit 7,a			;dad1	cb 7f		. .
	set 7,a			;dad3	cb ff		. .
	ld (de),a		;dad5	12		.
	inc de			;dad6	13		.
	inc hl			;dad7	23		#
	jr z,ldad0h		;dad8	28 f6		( .
ldadah:
	call ld99ah		;dada	cd 9a d9	. . .
	res 5,a			;dadd	cb af		. .
	cp 059h			;dadf	fe 59		. Y
	jr z,ldae8h		;dae1	28 05		( .
	cp 04eh			;dae3	fe 4e		. N
	jr nz,ldadah		;dae5	20 f3		  .
	scf			;dae7	37		7
ldae8h:
	ld hl,0f780h		;dae8	21 80 f7	! . .
	ld de,0f000h		;daeb	11 00 f0	. . .
	ld bc,00050h		;daee	01 50 00	. P .
	ldir			;daf1	ed b0		. .
	call sub_db60h		;daf3	cd 60 db	. ` .
	jp c,ld862h		;daf6	da 62 d8	. b .
	ret			;daf9	c9		.
ldafah:
	cp 012h			;dafa	fe 12		. .
	ret nc			;dafc	d0		.
	ld l,a			;dafd	6f		o
	ld h,000h		;dafe	26 00		& .
	add hl,hl		;db00	29		)
	ld de,ldb0ah		;db01	11 0a db	. . .
	add hl,de		;db04	19		.
	ld a,(hl)		;db05	7e		~
	inc hl			;db06	23		#
	ld h,(hl)		;db07	66		f
	ld l,a			;db08	6f		o
	jp (hl)			;db09	e9		.
ldb0ah:
	scf			;db0a	37		7
	in a,(037h)		;db0b	db 37		. 7
	in a,(02ch)		;db0d	db 2c		. ,
	in a,(038h)		;db0f	db 38		. 8
	in a,(03ah)		;db11	db 3a		. :
	in a,(03eh)		;db13	db 3e		. >
	in a,(037h)		;db15	db 37		. 7
	in a,(037h)		;db17	db 37		. 7
	in a,(043h)		;db19	db 43		. C
	in a,(037h)		;db1b	db 37		. 7
	in a,(037h)		;db1d	db 37		. 7
	in a,(037h)		;db1f	db 37		. 7
	in a,(037h)		;db21	db 37		. 7
	in a,(037h)		;db23	db 37		. 7
	in a,(037h)		;db25	db 37		. 7
	in a,(047h)		;db27	db 47		. G
	in a,(048h)		;db29	db 48		. H
	in a,(03ah)		;db2b	db 3a		. :
	ld h,b			;db2d	60		`
	ret c			;db2e	d8		.
	add a,007h		;db2f	c6 07		. .
	cp 007h			;db31	fe 07		. .
	ret nz			;db33	c0		.
	ld a,(ld640h)		;db34	3a 40 d6	: @ .
	ret			;db37	c9		.
	xor a			;db38	af		.
	ret			;db39	c9		.
	ld hl,ldf48h		;db3a	21 48 df	! H .
	ret			;db3d	c9		.
	ld hl,ld686h		;db3e	21 86 d6	! . .
	xor a			;db41	af		.
	ret			;db42	c9		.
	ld a,(ld640h)		;db43	3a 40 d6	: @ .
	ret			;db46	c9		.
	ret			;db47	c9		.
	ret			;db48	c9		.
sub_db49h:
	push hl			;db49	e5		.
	ld de,0f000h		;db4a	11 00 f0	. . .
	or a			;db4d	b7		.
	sbc hl,de		;db4e	ed 52		. R
	pop hl			;db50	e1		.
	ret c			;db51	d8		.
	ld de,09000h		;db52	11 00 90	. . .
	add hl,de		;db55	19		.
sub_db56h:
	ld a,014h		;db56	3e 14		> .
	di			;db58	f3		.
	out (050h),a		;db59	d3 50		. P
	ld (ldc47h),a		;db5b	32 47 dc	2 G .
	ei			;db5e	fb		.
	ret			;db5f	c9		.
sub_db60h:
	push af			;db60	f5		.
	ld a,00ch		;db61	3e 0c		> .
	di			;db63	f3		.
	out (050h),a		;db64	d3 50		. P
	ld (ldc47h),a		;db66	32 47 dc	2 G .
	ei			;db69	fb		.
	pop af			;db6a	f1		.
	ret			;db6b	c9		.
sub_db6ch:
	push af			;db6c	f5		.
	ld a,004h		;db6d	3e 04		> .
	di			;db6f	f3		.
	out (050h),a		;db70	d3 50		. P
	ld (ldc47h),a		;db72	32 47 dc	2 G .
	ei			;db75	fb		.
	pop af			;db76	f1		.
	ret			;db77	c9		.
sub_db78h:
	push de			;db78	d5		.
	ld de,ldbb8h		;db79	11 b8 db	. . .
	call sub_db80h		;db7c	cd 80 db	. . .
	pop de			;db7f	d1		.
sub_db80h:
	ld a,(de)		;db80	1a		.
	cp 024h			;db81	fe 24		. $
	ret z			;db83	c8		.
	inc de			;db84	13		.
	ld c,a			;db85	4f		O
	call 0e00ch		;db86	cd 0c e0	. . .
	jr sub_db80h		;db89	18 f5		. .
ldb8bh:
	ld a,(lcb42h)		;db8b	3a 42 cb	: B .
	ld hl,0dbdbh		;db8e	21 db db	! . .
	ld de,ldbc7h		;db91	11 c7 db	. . .
	jr ldba4h		;db94	18 0e		. .
ldb96h:
	ld hl,0dc07h		;db96	21 07 dc	! . .
	ld de,ldc01h		;db99	11 01 dc	. . .
	jr ldba4h		;db9c	18 06		. .
ldb9eh:
	ld hl,0dbedh		;db9e	21 ed db	! . .
	ld de,ldbe7h		;dba1	11 e7 db	. . .
ldba4h:
	call sub_db6ch		;dba4	cd 6c db	. l .
	add a,041h		;dba7	c6 41		. A
	ld (hl),a		;dba9	77		w
	call sub_db78h		;dbaa	cd 78 db	. x .
	ld a,(00004h)		;dbad	3a 04 00	: . .
	and 0f0h		;dbb0	e6 f0		. .
	ld (00004h),a		;dbb2	32 04 00	2 . .
	jp ld862h		;dbb5	c3 62 d8	. b .
ldbb8h:
	dec c			;dbb8	0d		.
	ld a,(bc)		;dbb9	0a		.
	ld b,e			;dbba	43		C
	ld d,b			;dbbb	50		P
	cpl			;dbbc	2f		/
	ld c,l			;dbbd	4d		M
	jr nz,ldc25h		;dbbe	20 65		  e
	ld (hl),d		;dbc0	72		r
	ld (hl),d		;dbc1	72		r
	ld l,a			;dbc2	6f		o
	ld (hl),d		;dbc3	72		r
	ld a,(02420h)		;dbc4	3a 20 24	:   $
ldbc7h:
	ld d,a			;dbc7	57		W
	ld (hl),d		;dbc8	72		r
	ld l,c			;dbc9	69		i
	ld (hl),h		;dbca	74		t
	ld h,l			;dbcb	65		e
	jr nz,ldc3eh		;dbcc	20 70		  p
	ld h,l			;dbce	65		e
	ld (hl),d		;dbcf	72		r
	ld l,l			;dbd0	6d		m
	ld l,c			;dbd1	69		i
	ld (hl),e		;dbd2	73		s
	ld (hl),e		;dbd3	73		s
sub_dbd4h:
	ld l,c			;dbd4	69		i
	ld l,a			;dbd5	6f		o
	ld l,(hl)		;dbd6	6e		n
	jr nz,$+118		;dbd7	20 74		  t
	ld l,a			;dbd9	6f		o
	jr nz,ldc54h		;dbda	20 78		  x
	jr nz,ldc42h		;dbdc	20 64		  d
	ld h,l			;dbde	65		e
	ld l,(hl)		;dbdf	6e		n
	ld l,c			;dbe0	69		i
	ld h,l			;dbe1	65		e
	ld h,h			;dbe2	64		d
	ld l,00dh		;dbe3	2e 0d		. .
	ld a,(bc)		;dbe5	0a		.
	inc h			;dbe6	24		$
ldbe7h:
	ld b,h			;dbe7	44		D
	ld (hl),d		;dbe8	72		r
	ld l,c			;dbe9	69		i
	halt			;dbea	76		v
	ld h,l			;dbeb	65		e
	jr nz,$+122		;dbec	20 78		  x
	jr nz,ldc54h		;dbee	20 64		  d
	ld l,a			;dbf0	6f		o
	ld h,l			;dbf1	65		e
	ld (hl),e		;dbf2	73		s
	jr nz,$+112		;dbf3	20 6e		  n
	ld l,a			;dbf5	6f		o
	ld (hl),h		;dbf6	74		t
	jr nz,ldc5eh		;dbf7	20 65		  e
	ld a,b			;dbf9	78		x
	ld l,c			;dbfa	69		i
	ld (hl),e		;dbfb	73		s
	ld (hl),h		;dbfc	74		t
	ld l,00dh		;dbfd	2e 0d		. .
	ld a,(bc)		;dbff	0a		.
	inc h			;dc00	24		$
ldc01h:
	ld b,h			;dc01	44		D
	ld (hl),d		;dc02	72		r
	ld l,c			;dc03	69		i
	halt			;dc04	76		v
	ld h,l			;dc05	65		e
	jr nz,ldc80h		;dc06	20 78		  x
	jr nz,$+112		;dc08	20 6e		  n
	ld l,a			;dc0a	6f		o
	ld (hl),h		;dc0b	74		t
	jr nz,ldc7ah		;dc0c	20 6c		  l
	ld l,a			;dc0e	6f		o
	ld h,a			;dc0f	67		g
	ld h,a			;dc10	67		g
	ld h,l			;dc11	65		e
	ld h,h			;dc12	64		d
	jr nz,ldc7eh		;dc13	20 69		  i
	ld l,(hl)		;dc15	6e		n
	ld l,00dh		;dc16	2e 0d		. .
	ld a,(bc)		;dc18	0a		.
	inc h			;dc19	24		$
ldc1ah:
	jr nz,$+89		;dc1a	20 57		  W
	ld (hl),d		;dc1c	72		r
	ld l,c			;dc1d	69		i
	ld (hl),h		;dc1e	74		t
	ld h,l			;dc1f	65		e
	jr nz,$+114		;dc20	20 70		  p
	ld h,l			;dc22	65		e
	ld (hl),d		;dc23	72		r
	ld l,l			;dc24	6d		m
ldc25h:
	ld l,c			;dc25	69		i
	ld (hl),e		;dc26	73		s
	ld (hl),e		;dc27	73		s
	ld l,c			;dc28	69		i
	ld l,a			;dc29	6f		o
	ld l,(hl)		;dc2a	6e		n
	jr nz,ldc9bh		;dc2b	20 6e		  n
	ld l,a			;dc2d	6f		o
	ld (hl),h		;dc2e	74		t
	jr nz,ldc99h		;dc2f	20 68		  h
	ld h,l			;dc31	65		e
	ld l,h			;dc32	6c		l
	ld h,h			;dc33	64		d
	jr nz,$+47		;dc34	20 2d		  -
	jr nz,$+84		;dc36	20 52		  R
	ld h,l			;dc38	65		e
	ld (hl),c		;dc39	71		q
	ld (hl),l		;dc3a	75		u
	ld h,l			;dc3b	65		e
	ld (hl),e		;dc3c	73		s
	ld (hl),h		;dc3d	74		t
ldc3eh:
	jr nz,$+42		;dc3e	20 28		  (
	ld e,c			;dc40	59		Y
	ld l,a			;dc41	6f		o
ldc42h:
	ld (hl),d		;dc42	72		r
	ld c,(hl)		;dc43	4e		N
	add hl,hl		;dc44	29		)
	ccf			;dc45	3f		?
	and b			;dc46	a0		.
ldc47h:
	nop			;dc47	00		.
ldc48h:
	nop			;dc48	00		.
ldc49h:
	ld sp,ld682h		;dc49	31 82 d6	1 . .
	call sub_db60h		;dc4c	cd 60 db	. ` .
	ld a,0aah		;dc4f	3e aa		> .
	ld (0f800h),a		;dc51	32 00 f8	2 . .
ldc54h:
	call sub_db6ch		;dc54	cd 6c db	. l .
	ld de,ldc7ah		;dc57	11 7a dc	. z .
	call sub_db80h		;dc5a	cd 80 db	. . .
	xor a			;dc5d	af		.
ldc5eh:
	ld (00004h),a		;dc5e	32 04 00	2 . .
	ld (ld861h),a		;dc61	32 61 d8	2 a .
	ld (00003h),a		;dc64	32 03 00	2 . .
	ld hl,0d81dh		;dc67	21 1d d8	! . .
	ld de,00040h		;dc6a	11 40 00	. @ .
	ld bc,00009h		;dc6d	01 09 00	. . .
	ldir			;dc70	ed b0		. .
	ld a,005h		;dc72	3e 05		> .
	ld (0e0e9h),a		;dc74	32 e9 e0	2 . .
	jp ld887h		;dc77	c3 87 d8	. . .
ldc7ah:
	ld a,(de)		;dc7a	1a		.
	ld a,(bc)		;dc7b	0a		.
	ld c,l			;dc7c	4d		M
	ld l,c			;dc7d	69		i
ldc7eh:
	ld h,e			;dc7e	63		c
	ld (hl),d		;dc7f	72		r
ldc80h:
	ld l,a			;dc80	6f		o
	ld b,d			;dc81	42		B
	ld h,l			;dc82	65		e
	ld h,l			;dc83	65		e
	jr nz,ldcd9h		;dc84	20 53		  S
	ld (hl),h		;dc86	74		t
	ld h,c			;dc87	61		a
	ld (hl),d		;dc88	72		r
	jr nz,ldcd9h		;dc89	20 4e		  N
	ld h,l			;dc8b	65		e
	ld (hl),h		;dc8c	74		t
	ld (hl),a		;dc8d	77		w
	ld l,a			;dc8e	6f		o
	ld (hl),d		;dc8f	72		r
	ld l,e			;dc90	6b		k
	jr nz,ldd09h		;dc91	20 76		  v
	ld (0332eh),a		;dc93	32 2e 33	2 . 3
	dec c			;dc96	0d		.
	ld a,(bc)		;dc97	0a		.
	ld b,e			;dc98	43		C
ldc99h:
	ld d,b			;dc99	50		P
	cpl			;dc9a	2f		/
ldc9bh:
	ld c,l			;dc9b	4d		M
	jr nz,ldcf4h		;dc9c	20 56		  V
	ld h,l			;dc9e	65		e
	ld (hl),d		;dc9f	72		r
	ld (hl),e		;dca0	73		s
	ld l,c			;dca1	69		i
	ld l,a			;dca2	6f		o
	ld l,(hl)		;dca3	6e		n
	jr nz,ldcd8h		;dca4	20 32		  2
	ld l,032h		;dca6	2e 32		. 2
	jr nc,ldcb7h		;dca8	30 0d		0 .
	ld a,(bc)		;dcaa	0a		.
	inc h			;dcab	24		$
	nop			;dcac	00		.
	nop			;dcad	00		.
	nop			;dcae	00		.
	nop			;dcaf	00		.
	nop			;dcb0	00		.
	nop			;dcb1	00		.
	nop			;dcb2	00		.
	nop			;dcb3	00		.
	nop			;dcb4	00		.
	nop			;dcb5	00		.
	nop			;dcb6	00		.
ldcb7h:
	nop			;dcb7	00		.
	nop			;dcb8	00		.
	nop			;dcb9	00		.
	nop			;dcba	00		.
	nop			;dcbb	00		.
	nop			;dcbc	00		.
	nop			;dcbd	00		.
	nop			;dcbe	00		.
	nop			;dcbf	00		.
	nop			;dcc0	00		.
	nop			;dcc1	00		.
	nop			;dcc2	00		.
	nop			;dcc3	00		.
	nop			;dcc4	00		.
	nop			;dcc5	00		.
	nop			;dcc6	00		.
	nop			;dcc7	00		.
	nop			;dcc8	00		.
	nop			;dcc9	00		.
	nop			;dcca	00		.
	nop			;dccb	00		.
	nop			;dccc	00		.
	nop			;dccd	00		.
	nop			;dcce	00		.
	nop			;dccf	00		.
	nop			;dcd0	00		.
	nop			;dcd1	00		.
	nop			;dcd2	00		.
	nop			;dcd3	00		.
	nop			;dcd4	00		.
ldcd5h:
	nop			;dcd5	00		.
ldcd6h:
	nop			;dcd6	00		.
	nop			;dcd7	00		.
ldcd8h:
	nop			;dcd8	00		.
ldcd9h:
	nop			;dcd9	00		.
ldcdah:
	nop			;dcda	00		.
	nop			;dcdb	00		.
	nop			;dcdc	00		.
	nop			;dcdd	00		.
	nop			;dcde	00		.
	nop			;dcdf	00		.
	nop			;dce0	00		.
	nop			;dce1	00		.
	nop			;dce2	00		.
	nop			;dce3	00		.
	nop			;dce4	00		.
	nop			;dce5	00		.
	nop			;dce6	00		.
	nop			;dce7	00		.
	nop			;dce8	00		.
	nop			;dce9	00		.
	nop			;dcea	00		.
	nop			;dceb	00		.
	nop			;dcec	00		.
	nop			;dced	00		.
	nop			;dcee	00		.
	nop			;dcef	00		.
	nop			;dcf0	00		.
	nop			;dcf1	00		.
	nop			;dcf2	00		.
	nop			;dcf3	00		.
ldcf4h:
	nop			;dcf4	00		.
	nop			;dcf5	00		.
	nop			;dcf6	00		.
	nop			;dcf7	00		.
	nop			;dcf8	00		.
	nop			;dcf9	00		.
	nop			;dcfa	00		.
	nop			;dcfb	00		.
	nop			;dcfc	00		.
	nop			;dcfd	00		.
	nop			;dcfe	00		.
	nop			;dcff	00		.
	nop			;dd00	00		.
	nop			;dd01	00		.
	nop			;dd02	00		.
	nop			;dd03	00		.
	nop			;dd04	00		.
	nop			;dd05	00		.
	nop			;dd06	00		.
	nop			;dd07	00		.
	nop			;dd08	00		.
ldd09h:
	nop			;dd09	00		.
	nop			;dd0a	00		.
	nop			;dd0b	00		.
	nop			;dd0c	00		.
	nop			;dd0d	00		.
	nop			;dd0e	00		.
	nop			;dd0f	00		.
	nop			;dd10	00		.
	nop			;dd11	00		.
	nop			;dd12	00		.
	nop			;dd13	00		.
	nop			;dd14	00		.
	nop			;dd15	00		.
	nop			;dd16	00		.
	nop			;dd17	00		.
	nop			;dd18	00		.
	nop			;dd19	00		.
	nop			;dd1a	00		.
	nop			;dd1b	00		.
	nop			;dd1c	00		.
	nop			;dd1d	00		.
	nop			;dd1e	00		.
	nop			;dd1f	00		.
	nop			;dd20	00		.
	nop			;dd21	00		.
	nop			;dd22	00		.
	nop			;dd23	00		.
	nop			;dd24	00		.
	nop			;dd25	00		.
	nop			;dd26	00		.
	nop			;dd27	00		.
	nop			;dd28	00		.
	nop			;dd29	00		.
	nop			;dd2a	00		.
	nop			;dd2b	00		.
	nop			;dd2c	00		.
	nop			;dd2d	00		.
	nop			;dd2e	00		.
	nop			;dd2f	00		.
	nop			;dd30	00		.
	nop			;dd31	00		.
	nop			;dd32	00		.
	nop			;dd33	00		.
	nop			;dd34	00		.
	nop			;dd35	00		.
	nop			;dd36	00		.
	nop			;dd37	00		.
	nop			;dd38	00		.
	nop			;dd39	00		.
	nop			;dd3a	00		.
	nop			;dd3b	00		.
	nop			;dd3c	00		.
	nop			;dd3d	00		.
	nop			;dd3e	00		.
	nop			;dd3f	00		.
	nop			;dd40	00		.
	nop			;dd41	00		.
	nop			;dd42	00		.
	nop			;dd43	00		.
	nop			;dd44	00		.
	nop			;dd45	00		.
	nop			;dd46	00		.
	nop			;dd47	00		.
	nop			;dd48	00		.
	nop			;dd49	00		.
	nop			;dd4a	00		.
	nop			;dd4b	00		.
	nop			;dd4c	00		.
	nop			;dd4d	00		.
	nop			;dd4e	00		.
	nop			;dd4f	00		.
	nop			;dd50	00		.
	nop			;dd51	00		.
	nop			;dd52	00		.
	nop			;dd53	00		.
	nop			;dd54	00		.
	nop			;dd55	00		.
	nop			;dd56	00		.
	nop			;dd57	00		.
	nop			;dd58	00		.
	nop			;dd59	00		.
	nop			;dd5a	00		.
	nop			;dd5b	00		.
	nop			;dd5c	00		.
	nop			;dd5d	00		.
	nop			;dd5e	00		.
	nop			;dd5f	00		.
	nop			;dd60	00		.
	nop			;dd61	00		.
	nop			;dd62	00		.
	nop			;dd63	00		.
	nop			;dd64	00		.
	nop			;dd65	00		.
	nop			;dd66	00		.
	nop			;dd67	00		.
	nop			;dd68	00		.
	nop			;dd69	00		.
	nop			;dd6a	00		.
	nop			;dd6b	00		.
	nop			;dd6c	00		.
	nop			;dd6d	00		.
	nop			;dd6e	00		.
	nop			;dd6f	00		.
	nop			;dd70	00		.
	nop			;dd71	00		.
	nop			;dd72	00		.
	nop			;dd73	00		.
	nop			;dd74	00		.
	nop			;dd75	00		.
	nop			;dd76	00		.
	nop			;dd77	00		.
	nop			;dd78	00		.
	nop			;dd79	00		.
	nop			;dd7a	00		.
	nop			;dd7b	00		.
	nop			;dd7c	00		.
	nop			;dd7d	00		.
	nop			;dd7e	00		.
	nop			;dd7f	00		.
	nop			;dd80	00		.
	nop			;dd81	00		.
	nop			;dd82	00		.
	nop			;dd83	00		.
	nop			;dd84	00		.
	nop			;dd85	00		.
	nop			;dd86	00		.
	nop			;dd87	00		.
	nop			;dd88	00		.
	nop			;dd89	00		.
	nop			;dd8a	00		.
	nop			;dd8b	00		.
	nop			;dd8c	00		.
	nop			;dd8d	00		.
	nop			;dd8e	00		.
	nop			;dd8f	00		.
	nop			;dd90	00		.
	nop			;dd91	00		.
	nop			;dd92	00		.
	nop			;dd93	00		.
	nop			;dd94	00		.
	nop			;dd95	00		.
	nop			;dd96	00		.
	nop			;dd97	00		.
	nop			;dd98	00		.
	nop			;dd99	00		.
	nop			;dd9a	00		.
	nop			;dd9b	00		.
	nop			;dd9c	00		.
	nop			;dd9d	00		.
	nop			;dd9e	00		.
	nop			;dd9f	00		.
	nop			;dda0	00		.
	nop			;dda1	00		.
	nop			;dda2	00		.
	nop			;dda3	00		.
	nop			;dda4	00		.
	nop			;dda5	00		.
	nop			;dda6	00		.
	nop			;dda7	00		.
	nop			;dda8	00		.
	nop			;dda9	00		.
	nop			;ddaa	00		.
	nop			;ddab	00		.
	nop			;ddac	00		.
	nop			;ddad	00		.
	nop			;ddae	00		.
	nop			;ddaf	00		.
	nop			;ddb0	00		.
	nop			;ddb1	00		.
	nop			;ddb2	00		.
	nop			;ddb3	00		.
	nop			;ddb4	00		.
	nop			;ddb5	00		.
	nop			;ddb6	00		.
	nop			;ddb7	00		.
	nop			;ddb8	00		.
	nop			;ddb9	00		.
	nop			;ddba	00		.
	nop			;ddbb	00		.
	nop			;ddbc	00		.
	nop			;ddbd	00		.
	nop			;ddbe	00		.
	nop			;ddbf	00		.
	nop			;ddc0	00		.
	nop			;ddc1	00		.
	nop			;ddc2	00		.
	nop			;ddc3	00		.
	nop			;ddc4	00		.
	nop			;ddc5	00		.
	nop			;ddc6	00		.
	nop			;ddc7	00		.
	nop			;ddc8	00		.
	nop			;ddc9	00		.
	nop			;ddca	00		.
	nop			;ddcb	00		.
	nop			;ddcc	00		.
	nop			;ddcd	00		.
	nop			;ddce	00		.
	nop			;ddcf	00		.
	nop			;ddd0	00		.
	nop			;ddd1	00		.
	nop			;ddd2	00		.
	nop			;ddd3	00		.
	nop			;ddd4	00		.
	nop			;ddd5	00		.
	nop			;ddd6	00		.
	nop			;ddd7	00		.
	nop			;ddd8	00		.
	nop			;ddd9	00		.
	nop			;ddda	00		.
	nop			;dddb	00		.
	nop			;dddc	00		.
	nop			;dddd	00		.
	nop			;ddde	00		.
	nop			;dddf	00		.
	nop			;dde0	00		.
	nop			;dde1	00		.
	nop			;dde2	00		.
	nop			;dde3	00		.
	nop			;dde4	00		.
	nop			;dde5	00		.
	nop			;dde6	00		.
	nop			;dde7	00		.
	nop			;dde8	00		.
	nop			;dde9	00		.
	nop			;ddea	00		.
	nop			;ddeb	00		.
	nop			;ddec	00		.
	nop			;dded	00		.
	nop			;ddee	00		.
	nop			;ddef	00		.
	nop			;ddf0	00		.
	nop			;ddf1	00		.
	nop			;ddf2	00		.
	nop			;ddf3	00		.
	nop			;ddf4	00		.
	nop			;ddf5	00		.
	nop			;ddf6	00		.
	nop			;ddf7	00		.
	nop			;ddf8	00		.
	nop			;ddf9	00		.
	nop			;ddfa	00		.
	nop			;ddfb	00		.
	nop			;ddfc	00		.
	nop			;ddfd	00		.
	nop			;ddfe	00		.
	nop			;ddff	00		.
	nop			;de00	00		.
	nop			;de01	00		.
	nop			;de02	00		.
	nop			;de03	00		.
	nop			;de04	00		.
	nop			;de05	00		.
	nop			;de06	00		.
	nop			;de07	00		.
	nop			;de08	00		.
	nop			;de09	00		.
	nop			;de0a	00		.
	nop			;de0b	00		.
	nop			;de0c	00		.
	nop			;de0d	00		.
	nop			;de0e	00		.
	nop			;de0f	00		.
	nop			;de10	00		.
	nop			;de11	00		.
	nop			;de12	00		.
	nop			;de13	00		.
	nop			;de14	00		.
	nop			;de15	00		.
	nop			;de16	00		.
	nop			;de17	00		.
	nop			;de18	00		.
	nop			;de19	00		.
	nop			;de1a	00		.
	nop			;de1b	00		.
	nop			;de1c	00		.
	nop			;de1d	00		.
	nop			;de1e	00		.
	nop			;de1f	00		.
	nop			;de20	00		.
	nop			;de21	00		.
	nop			;de22	00		.
	nop			;de23	00		.
	nop			;de24	00		.
	nop			;de25	00		.
	nop			;de26	00		.
	nop			;de27	00		.
	nop			;de28	00		.
	nop			;de29	00		.
	nop			;de2a	00		.
	nop			;de2b	00		.
	nop			;de2c	00		.
	nop			;de2d	00		.
	nop			;de2e	00		.
	nop			;de2f	00		.
	nop			;de30	00		.
	nop			;de31	00		.
	nop			;de32	00		.
	nop			;de33	00		.
	nop			;de34	00		.
	nop			;de35	00		.
	nop			;de36	00		.
	nop			;de37	00		.
	nop			;de38	00		.
	nop			;de39	00		.
	nop			;de3a	00		.
	nop			;de3b	00		.
	nop			;de3c	00		.
	nop			;de3d	00		.
	nop			;de3e	00		.
	nop			;de3f	00		.
	nop			;de40	00		.
	nop			;de41	00		.
	nop			;de42	00		.
	nop			;de43	00		.
	nop			;de44	00		.
	nop			;de45	00		.
	nop			;de46	00		.
	nop			;de47	00		.
	nop			;de48	00		.
	nop			;de49	00		.
	nop			;de4a	00		.
	nop			;de4b	00		.
	nop			;de4c	00		.
	nop			;de4d	00		.
	nop			;de4e	00		.
	nop			;de4f	00		.
	nop			;de50	00		.
	nop			;de51	00		.
	nop			;de52	00		.
	nop			;de53	00		.
	nop			;de54	00		.
	nop			;de55	00		.
	nop			;de56	00		.
	nop			;de57	00		.
	nop			;de58	00		.
	nop			;de59	00		.
	nop			;de5a	00		.
	nop			;de5b	00		.
	nop			;de5c	00		.
	nop			;de5d	00		.
	nop			;de5e	00		.
	nop			;de5f	00		.
	nop			;de60	00		.
	nop			;de61	00		.
	nop			;de62	00		.
	nop			;de63	00		.
	nop			;de64	00		.
	nop			;de65	00		.
	nop			;de66	00		.
	nop			;de67	00		.
	nop			;de68	00		.
	nop			;de69	00		.
	nop			;de6a	00		.
	nop			;de6b	00		.
	nop			;de6c	00		.
	nop			;de6d	00		.
	nop			;de6e	00		.
	nop			;de6f	00		.
	nop			;de70	00		.
	nop			;de71	00		.
	nop			;de72	00		.
	nop			;de73	00		.
	nop			;de74	00		.
	nop			;de75	00		.
	nop			;de76	00		.
	nop			;de77	00		.
	nop			;de78	00		.
	nop			;de79	00		.
	nop			;de7a	00		.
	nop			;de7b	00		.
	nop			;de7c	00		.
	nop			;de7d	00		.
	nop			;de7e	00		.
	nop			;de7f	00		.
	nop			;de80	00		.
	nop			;de81	00		.
	nop			;de82	00		.
	nop			;de83	00		.
	nop			;de84	00		.
	nop			;de85	00		.
	nop			;de86	00		.
	nop			;de87	00		.
	nop			;de88	00		.
	nop			;de89	00		.
	nop			;de8a	00		.
	nop			;de8b	00		.
	nop			;de8c	00		.
	nop			;de8d	00		.
	nop			;de8e	00		.
	nop			;de8f	00		.
	nop			;de90	00		.
	nop			;de91	00		.
	nop			;de92	00		.
	nop			;de93	00		.
	nop			;de94	00		.
	nop			;de95	00		.
	nop			;de96	00		.
	nop			;de97	00		.
	nop			;de98	00		.
	nop			;de99	00		.
	nop			;de9a	00		.
	nop			;de9b	00		.
	nop			;de9c	00		.
	nop			;de9d	00		.
	nop			;de9e	00		.
	nop			;de9f	00		.
	nop			;dea0	00		.
	nop			;dea1	00		.
	nop			;dea2	00		.
	nop			;dea3	00		.
	nop			;dea4	00		.
	nop			;dea5	00		.
	nop			;dea6	00		.
	nop			;dea7	00		.
	nop			;dea8	00		.
	nop			;dea9	00		.
	nop			;deaa	00		.
	nop			;deab	00		.
	nop			;deac	00		.
	nop			;dead	00		.
	nop			;deae	00		.
	nop			;deaf	00		.
	nop			;deb0	00		.
	nop			;deb1	00		.
	nop			;deb2	00		.
	nop			;deb3	00		.
	nop			;deb4	00		.
	nop			;deb5	00		.
	nop			;deb6	00		.
	nop			;deb7	00		.
	nop			;deb8	00		.
	nop			;deb9	00		.
	nop			;deba	00		.
	nop			;debb	00		.
	nop			;debc	00		.
	nop			;debd	00		.
	nop			;debe	00		.
	nop			;debf	00		.
	nop			;dec0	00		.
	nop			;dec1	00		.
	nop			;dec2	00		.
	nop			;dec3	00		.
	nop			;dec4	00		.
	nop			;dec5	00		.
	nop			;dec6	00		.
	nop			;dec7	00		.
	nop			;dec8	00		.
	nop			;dec9	00		.
	nop			;deca	00		.
	nop			;decb	00		.
	nop			;decc	00		.
	nop			;decd	00		.
	nop			;dece	00		.
	nop			;decf	00		.
	nop			;ded0	00		.
	nop			;ded1	00		.
	nop			;ded2	00		.
	nop			;ded3	00		.
	nop			;ded4	00		.
	nop			;ded5	00		.
	nop			;ded6	00		.
	nop			;ded7	00		.
	nop			;ded8	00		.
	nop			;ded9	00		.
	nop			;deda	00		.
	nop			;dedb	00		.
	nop			;dedc	00		.
	nop			;dedd	00		.
	nop			;dede	00		.
	nop			;dedf	00		.
	nop			;dee0	00		.
	nop			;dee1	00		.
	nop			;dee2	00		.
	nop			;dee3	00		.
	nop			;dee4	00		.
	nop			;dee5	00		.
	nop			;dee6	00		.
	nop			;dee7	00		.
	nop			;dee8	00		.
	nop			;dee9	00		.
	nop			;deea	00		.
	nop			;deeb	00		.
	nop			;deec	00		.
	nop			;deed	00		.
	nop			;deee	00		.
	nop			;deef	00		.
	nop			;def0	00		.
	nop			;def1	00		.
	nop			;def2	00		.
	nop			;def3	00		.
	nop			;def4	00		.
	nop			;def5	00		.
	nop			;def6	00		.
	nop			;def7	00		.
	nop			;def8	00		.
	nop			;def9	00		.
	nop			;defa	00		.
	nop			;defb	00		.
	nop			;defc	00		.
	nop			;defd	00		.
	nop			;defe	00		.
	nop			;deff	00		.
	nop			;df00	00		.
	nop			;df01	00		.
	nop			;df02	00		.
	nop			;df03	00		.
	nop			;df04	00		.
	nop			;df05	00		.
	nop			;df06	00		.
	nop			;df07	00		.
	nop			;df08	00		.
	nop			;df09	00		.
	nop			;df0a	00		.
	nop			;df0b	00		.
	nop			;df0c	00		.
	nop			;df0d	00		.
	nop			;df0e	00		.
	nop			;df0f	00		.
	nop			;df10	00		.
	nop			;df11	00		.
	nop			;df12	00		.
	nop			;df13	00		.
	nop			;df14	00		.
	nop			;df15	00		.
	nop			;df16	00		.
	nop			;df17	00		.
	nop			;df18	00		.
	nop			;df19	00		.
	nop			;df1a	00		.
	nop			;df1b	00		.
	nop			;df1c	00		.
	nop			;df1d	00		.
	nop			;df1e	00		.
	nop			;df1f	00		.
	nop			;df20	00		.
	nop			;df21	00		.
	nop			;df22	00		.
	nop			;df23	00		.
	nop			;df24	00		.
	nop			;df25	00		.
	nop			;df26	00		.
	nop			;df27	00		.
	nop			;df28	00		.
	nop			;df29	00		.
	nop			;df2a	00		.
	nop			;df2b	00		.
	nop			;df2c	00		.
	nop			;df2d	00		.
	nop			;df2e	00		.
	nop			;df2f	00		.
	nop			;df30	00		.
	nop			;df31	00		.
	nop			;df32	00		.
	nop			;df33	00		.
	nop			Warning: Code might not be 8080 compatible!
Warning: Self modifying code detected!
;df34	00		.
	nop			;df35	00		.
	nop			;df36	00		.
	nop			;df37	00		.
	nop			;df38	00		.
	nop			;df39	00		.
	nop			;df3a	00		.
	nop			;df3b	00		.
	nop			;df3c	00		.
	nop			;df3d	00		.
	nop			;df3e	00		.
	nop			;df3f	00		.
	nop			;df40	00		.
	nop			;df41	00		.
	nop			;df42	00		.
	nop			;df43	00		.
	nop			;df44	00		.
	nop			;df45	00		.
	nop			;df46	00		.
	nop			;df47	00		.
ldf48h:
	nop			;df48	00		.
	nop			;df49	00		.
	nop			;df4a	00		.
	nop			;df4b	00		.
	nop			;df4c	00		.
	nop			;df4d	00		.
	nop			;df4e	00		.
	nop			;df4f	00		.
	nop			;df50	00		.
	nop			;df51	00		.
	nop			;df52	00		.
	nop			;df53	00		.
	nop			;df54	00		.
	nop			;df55	00		.
	nop			;df56	00		.
	nop			;df57	00		.
	nop			;df58	00		.
	nop			;df59	00		.
	nop			;df5a	00		.
	nop			;df5b	00		.
	nop			;df5c	00		.
	nop			;df5d	00		.
	nop			;df5e	00		.
	nop			;df5f	00		.
	nop			;df60	00		.
	nop			;df61	00		.
	nop			;df62	00		.
	nop			;df63	00		.
	nop			;df64	00		.
	nop			;df65	00		.
	nop			;df66	00		.
	nop			;df67	00		.
	nop			;df68	00		.
	nop			;df69	00		.
	nop			;df6a	00		.
	nop			;df6b	00		.
	nop			;df6c	00		.
	nop			;df6d	00		.
	nop			;df6e	00		.
	nop			;df6f	00		.
	nop			;df70	00		.
ldf71h:
	nop			;df71	00		.
	nop			;df72	00		.
	nop			;df73	00		.
	nop			;df74	00		.
	nop			;df75	00		.
	nop			;df76	00		.
	nop			;df77	00		.
	nop			;df78	00		.
	nop			;df79	00		.
	nop			;df7a	00		.
	nop			;df7b	00		.
	nop			;df7c	00		.
	nop			;df7d	00		.
	nop			;df7e	00		.
	nop			;df7f	00		.
	nop			;df80	00		.
	nop			;df81	00		.
	nop			;df82	00		.
	nop			;df83	00		.
	nop			;df84	00		.
	nop			;df85	00		.
	nop			;df86	00		.
	nop			;df87	00		.
	nop			;df88	00		.
	nop			;df89	00		.
	nop			;df8a	00		.
	nop			;df8b	00		.
	nop			;df8c	00		.
	nop			;df8d	00		.
	nop			;df8e	00		.
	nop			;df8f	00		.
	nop			;df90	00		.
	nop			;df91	00		.
	nop			;df92	00		.
	nop			;df93	00		.
	nop			;df94	00		.
	nop			;df95	00		.
	nop			;df96	00		.
	nop			;df97	00		.
	nop			;df98	00		.
	nop			;df99	00		.
	nop			;df9a	00		.
	nop			;df9b	00		.
	nop			;df9c	00		.
	nop			;df9d	00		.
	nop			;df9e	00		.
	nop			;df9f	00		.
	nop			;dfa0	00		.
	nop			;dfa1	00		.
	nop			;dfa2	00		.
	nop			;dfa3	00		.
	nop			;dfa4	00		.
	nop			;dfa5	00		.
	nop			;dfa6	00		.
	nop			;dfa7	00		.
	nop			;dfa8	00		.
	nop			;dfa9	00		.
	nop			;dfaa	00		.
	nop			;dfab	00		.
	nop			;dfac	00		.
	nop			;dfad	00		.
	nop			;dfae	00		.
	nop			;dfaf	00		.
	nop			;dfb0	00		.
	nop			;dfb1	00		.
	nop			;dfb2	00		.
	nop			;dfb3	00		.
	nop			;dfb4	00		.
	nop			;dfb5	00		.
	nop			;dfb6	00		.
	nop			;dfb7	00		.
	nop			;dfb8	00		.
	nop			;dfb9	00		.
	nop			;dfba	00		.
	nop			;dfbb	00		.
	nop			;dfbc	00		.
	nop			;dfbd	00		.
	nop			;dfbe	00		.
	nop			;dfbf	00		.
	nop			;dfc0	00		.
	nop			;dfc1	00		.
	nop			;dfc2	00		.
	nop			;dfc3	00		.
	nop			;dfc4	00		.
	nop			;dfc5	00		.
	nop			;dfc6	00		.
	nop			;dfc7	00		.
	nop			;dfc8	00		.
	nop			;dfc9	00		.
	nop			;dfca	00		.
	nop			;dfcb	00		.
	nop			;dfcc	00		.
	nop			;dfcd	00		.
	nop			;dfce	00		.
	nop			;dfcf	00		.
	nop			;dfd0	00		.
	nop			;dfd1	00		.
	nop			;dfd2	00		.
	nop			;dfd3	00		.
	nop			;dfd4	00		.
	nop			;dfd5	00		.
	nop			;dfd6	00		.
	nop			;dfd7	00		.
	nop			;dfd8	00		.
	nop			;dfd9	00		.
	nop			;dfda	00		.
	nop			;dfdb	00		.
	nop			;dfdc	00		.
	nop			;dfdd	00		.
	nop			;dfde	00		.
	nop			;dfdf	00		.
	nop			;dfe0	00		.
	nop			;dfe1	00		.
	nop			;dfe2	00		.
	nop			;dfe3	00		.
	nop			;dfe4	00		.
	nop			;dfe5	00		.
	nop			;dfe6	00		.
	nop			;dfe7	00		.
	nop			;dfe8	00		.
	nop			;dfe9	00		.
	nop			;dfea	00		.
	nop			;dfeb	00		.
	nop			;dfec	00		.
	nop			;dfed	00		.
	nop			;dfee	00		.
	nop			;dfef	00		.
	nop			;dff0	00		.
	nop			;dff1	00		.
	nop			;dff2	00		.
	nop			;dff3	00		.
	nop			;dff4	00		.
	nop			;dff5	00		.
	nop			;dff6	00		.
	nop			;dff7	00		.
	nop			;dff8	00		.
	nop			;dff9	00		.
	nop			;dffa	00		.
	nop			;dffb	00		.
	nop			;dffc	00		.
	nop			;dffd	00		.
	nop			;dffe	00		.
	nop			;dfff	00		.
